num_processes,avg_burst_time,std_burst_time,burst_time_cv,min_burst_time,max_burst_time,avg_arrival_gap,total_burst_time,best_algorithm,FCFS_avg_waiting_time,SJF_avg_waiting_time,Priority_avg_waiting_time,RoundRobin_avg_waiting_time
23,4.35,3.6,0.828,1,15,1.0,100,SJF,37.35,18.04,32.52,65.22
14,6.79,6.45,0.95,1,20,1.92,95,SJF,29.86,13.79,21.43,41.29
19,6.63,5.29,0.798,2,16,5.06,126,SJF,24.11,14.32,22.95,45.11
26,7.23,4.75,0.657,2,16,1.72,188,SJF,73.31,43.88,71.15,101.19
27,5.07,4.34,0.855,2,16,3.31,137,SJF,28.26,15.89,28.48,46.41
19,5.37,4.55,0.847,2,17,1.06,102,SJF,43.26,31.79,46.16,57.11
10,4.6,3.63,0.788,1,13,1.67,46,SJF,10.6,6.5,13.6,24.9
20,4.5,3.72,0.827,1,15,2.37,90,SJF,14.2,7.95,15.3,36.7
22,5.82,5.2,0.893,1,19,1.14,128,SJF,50.59,26.55,38.18,67.41
30,5.27,4.53,0.861,1,15,1.93,158,SJF,42.03,22.17,52.03,70.3
16,4.62,3.67,0.793,1,13,1.67,74,SJF,16.81,10.94,18.44,41.0
9,6.0,4.42,0.736,3,13,3.75,54,SJF,15.11,7.89,17.78,25.89
29,5.0,4.16,0.832,1,15,2.93,145,SJF,24.31,13.69,36.31,65.03
8,5.25,3.73,0.711,2,12,4.14,42,SJF,8.12,5.62,8.25,19.0
30,5.73,4.76,0.829,1,17,1.34,172,SJF,59.93,30.9,64.5,94.53
11,4.18,2.36,0.564,3,11,1.5,46,SJF,17.73,11.27,17.27,39.55
5,11.0,5.61,0.51,3,18,5.25,55,SJF,17.8,10.4,15.8,33.0
30,6.2,4.89,0.789,1,18,1.1,186,SJF,68.7,38.9,66.47,106.77
27,6.07,4.32,0.712,1,17,4.08,164,SJF,30.89,15.96,28.11,66.22
24,6.5,5.38,0.828,1,17,4.09,156,SJF,30.21,13.5,27.62,58.67
26,6.58,4.48,0.682,2,15,2.4,171,SJF,52.12,28.73,50.92,90.81
26,7.46,4.78,0.64,1,16,3.16,194,SJF,59.5,36.27,59.65,100.31
25,4.96,3.91,0.788,1,15,3.71,124,SJF,21.52,11.36,28.48,50.76
23,6.26,4.63,0.74,1,15,3.73,144,SJF,24.09,13.17,24.57,54.57
13,7.08,5.59,0.79,2,20,2.67,92,SJF,22.85,13.31,25.54,36.46
19,3.74,1.97,0.527,1,10,2.28,71,SJF,13.21,8.63,15.47,40.05
8,6.75,4.77,0.707,3,16,4.29,54,SJF,12.62,7.12,9.62,21.5
15,7.6,5.7,0.751,2,17,1.29,114,SJF,48.53,29.4,46.73,66.8
17,6.0,4.68,0.78,2,14,1.56,102,SJF,39.82,20.24,39.24,56.12
29,6.93,5.01,0.723,2,19,4.14,201,SJF,39.55,21.21,38.48,89.59
15,4.27,3.86,0.905,1,14,1.21,64,SJF,26.4,14.27,29.27,41.27
24,4.71,3.74,0.793,1,14,0.87,113,SJF,45.5,27.38,48.75,75.08
12,4.5,3.55,0.79,2,12,1.45,54,SJF,22.83,11.58,21.75,39.33
9,5.78,4.87,0.842,2,15,1.0,52,SJF,17.0,9.22,25.33,23.0
16,4.94,4.06,0.822,2,13,1.8,79,SJF,30.0,13.0,30.56,47.81
24,4.96,4.16,0.84,1,17,1.43,119,SJF,38.83,19.75,32.17,77.83
8,4.75,3.41,0.718,2,13,1.86,38,SJF,13.25,7.0,10.12,23.88
20,7.65,5.67,0.741,2,18,1.47,153,SJF,56.45,32.7,65.25,84.55
10,4.3,4.55,1.058,1,17,1.78,43,SJF,15.1,5.1,14.7,23.8
29,6.48,4.99,0.77,1,16,1.79,188,SJF,70.76,35.97,60.0,117.45
16,5.19,3.75,0.722,1,12,2.0,83,SJF,21.81,16.06,22.19,38.44
20,5.5,4.27,0.777,1,13,1.16,110,SJF,46.95,22.75,32.25,62.45
13,6.46,5.29,0.818,2,16,2.08,84,SJF,25.23,14.69,33.54,41.54
22,5.73,4.91,0.857,1,17,3.57,126,SJF,29.27,14.36,36.23,53.05
22,4.09,2.96,0.723,2,14,3.52,90,SJF,7.23,3.73,7.09,33.05
5,3.6,3.21,0.891,1,9,4.0,18,FCFS,0.4,0.4,0.4,1.6
10,8.1,4.68,0.577,3,14,1.67,81,SJF,25.4,21.2,35.3,46.3
20,5.4,3.99,0.739,2,14,2.0,108,SJF,31.3,20.75,27.1,54.2
14,5.21,4.32,0.828,2,16,2.77,73,SJF,15.71,8.71,21.79,25.36
25,7.12,5.21,0.732,2,16,2.71,178,SJF,62.64,30.32,59.36,91.48
9,5.56,4.48,0.806,1,13,2.12,50,SJF,9.44,5.11,11.0,17.11
17,4.71,4.4,0.935,1,17,1.56,80,SJF,28.12,23.0,32.35,52.35
25,5.6,4.23,0.756,1,15,1.04,140,SJF,59.0,38.64,55.56,87.2
21,5.43,4.27,0.787,2,15,2.9,114,SJF,38.57,18.81,29.29,56.48
16,6.44,5.8,0.9,1,16,3.6,103,SJF,25.0,11.06,21.38,37.19
19,7.11,5.44,0.765,1,16,4.33,135,SJF,28.58,16.26,28.32,50.74
21,5.86,4.3,0.735,2,15,3.3,123,SJF,29.19,15.95,29.76,55.0
17,4.82,3.8,0.787,1,15,2.12,82,SJF,21.82,16.18,24.12,44.0
21,7.62,5.27,0.691,2,18,2.85,160,SJF,50.33,33.95,54.81,81.43
29,7.76,5.53,0.713,2,19,3.68,225,SJF,65.28,33.86,60.83,100.59
7,3.14,0.9,0.286,2,4,0.83,22,SJF,6.29,5.29,5.86,15.57
14,6.64,5.29,0.796,1,16,1.54,93,SJF,33.71,23.71,42.36,52.57
19,4.84,4.22,0.871,2,17,1.83,92,SJF,34.21,24.95,35.21,57.26
28,5.18,4.41,0.851,1,19,2.04,145,SJF,54.57,29.89,52.68,80.21
30,7.03,5.52,0.785,1,19,3.79,211,SJF,45.33,26.77,55.1,86.27
12,2.92,1.08,0.372,1,5,3.45,35,SJF,2.42,2.17,2.25,23.67
19,5.47,4.79,0.875,1,16,2.17,104,SJF,33.84,17.47,32.79,47.95
17,6.82,5.19,0.76,1,17,2.38,116,SJF,43.88,22.65,40.35,73.18
22,6.73,4.5,0.668,2,15,1.86,148,SJF,51.09,30.73,50.09,90.18
9,7.44,4.77,0.641,2,14,2.88,67,FCFS,12.89,12.0,15.89,28.0
10,4.7,3.68,0.784,2,14,1.89,47,SJF,12.4,6.9,13.6,27.0
11,6.55,5.48,0.838,2,15,3.8,72,SJF,17.45,10.45,11.82,26.0
25,4.72,3.52,0.745,1,13,1.75,118,SJF,41.12,22.24,30.28,78.8
23,4.65,4.23,0.909,2,15,2.18,107,SJF,24.87,16.35,21.0,47.43
18,6.61,4.74,0.717,1,14,1.88,119,SJF,43.17,22.44,44.11,72.44
8,5.88,4.29,0.73,2,13,3.14,47,SJF,14.12,10.38,12.0,21.62
9,6.56,4.33,0.661,2,12,2.75,59,SJF,24.44,15.33,24.33,36.44
29,5.14,4.43,0.862,1,18,1.29,149,SJF,39.38,24.83,36.52,66.45
17,5.65,4.05,0.716,1,15,5.56,96,SJF,7.18,5.18,8.18,26.65
19,5.0,4.93,0.987,1,17,2.83,95,SJF,15.26,10.21,19.68,35.16
5,6.0,5.61,0.935,2,15,1.0,30,SJF,10.4,7.4,7.8,13.6
6,6.5,4.28,0.658,3,12,2.4,39,FCFS,6.33,6.33,7.83,18.83
20,7.35,5.28,0.719,1,18,3.16,147,SJF,33.05,19.8,33.2,57.85
25,6.72,4.73,0.704,1,15,1.5,168,SJF,63.2,35.84,52.88,97.84
13,4.23,2.49,0.588,2,12,2.17,55,FCFS,13.85,12.15,13.92,33.0
21,4.81,3.79,0.788,2,14,2.95,101,SJF,23.1,12.38,29.24,56.14
22,6.0,4.69,0.782,1,18,4.86,132,SJF,17.73,10.5,21.73,42.18
23,5.65,4.8,0.85,2,17,2.68,130,SJF,21.57,13.65,26.09,43.48
27,6.44,4.49,0.697,1,19,2.92,174,SJF,52.19,28.0,53.48,96.33
30,5.63,5.2,0.922,1,18,1.9,169,SJF,56.53,23.6,45.17,84.03
30,5.0,3.94,0.788,1,15,1.45,150,SJF,57.07,28.67,49.73,105.97
17,3.12,1.45,0.466,1,7,1.5,53,SJF,15.24,11.06,14.18,40.94
8,6.25,5.39,0.863,1,15,2.29,50,SJF,16.0,11.12,13.62,26.5
14,5.07,3.85,0.76,1,15,1.54,71,SJF,16.79,13.36,21.43,35.36
25,5.28,4.53,0.858,1,18,3.08,132,SJF,28.68,12.24,22.76,50.8
21,5.76,5.43,0.942,1,18,1.6,121,SJF,34.86,20.86,36.95,57.0
8,6.88,5.19,0.756,1,14,1.29,55,SJF,20.0,10.38,17.25,32.12
29,5.66,4.63,0.819,1,16,2.82,164,SJF,46.0,23.52,44.59,73.48
12,5.67,3.92,0.691,2,15,1.55,68,SJF,21.0,13.5,21.92,40.42
30,5.87,4.62,0.788,1,16,1.76,176,SJF,64.63,30.57,59.67,105.5
29,4.72,4.64,0.981,1,18,2.61,137,SJF,34.52,15.69,34.28,63.45
12,4.25,4.41,1.038,1,16,3.36,51,SJF,10.92,6.67,9.33,19.0
9,5.0,4.61,0.922,1,16,2.5,45,SJF,12.33,5.44,5.44,22.44
19,4.74,3.25,0.685,2,12,3.83,90,SJF,13.16,6.79,8.0,35.63
12,5.58,5.23,0.937,2,17,1.55,67,SJF,19.42,10.42,22.17,29.42
5,4.6,3.71,0.808,2,11,3.0,23,FCFS,4.8,4.4,7.0,9.2
12,4.83,4.49,0.929,1,16,2.0,58,SJF,11.92,6.58,12.75,26.0
19,7.53,4.74,0.63,1,16,2.83,143,SJF,46.26,28.26,48.16,74.16
8,8.75,5.55,0.634,2,15,2.86,70,SJF,26.88,16.75,17.25,45.38
16,7.19,6.24,0.868,2,20,2.47,115,SJF,43.44,18.38,45.31,55.5
26,6.38,4.28,0.671,2,16,1.28,166,SJF,67.08,40.35,64.08,110.19
19,4.74,3.97,0.838,1,15,3.78,90,SJF,15.53,9.21,19.79,43.68
9,4.89,3.72,0.762,2,13,4.88,44,SJF,7.0,5.0,8.33,20.89
14,4.0,3.49,0.872,1,12,2.08,56,SJF,16.79,6.64,12.5,30.07
29,5.93,4.9,0.826,1,16,1.39,172,SJF,49.69,32.79,53.24,82.79
24,5.04,3.72,0.739,2,14,1.43,121,SJF,33.75,21.0,32.17,62.92
20,4.85,4.33,0.893,1,14,1.47,97,SJF,29.75,14.05,27.2,52.85
7,5.71,5.12,0.896,1,14,1.17,40,SJF,11.29,5.0,12.29,17.86
19,6.37,5.29,0.831,1,18,3.33,121,SJF,29.89,16.53,30.68,51.95
28,6.21,5.01,0.806,1,19,1.63,174,SJF,58.64,34.46,68.07,100.39
26,6.04,4.87,0.807,2,16,1.24,157,SJF,46.5,32.62,51.85,82.35
29,5.69,4.61,0.811,1,15,1.79,165,SJF,36.66,26.72,53.38,72.55
27,6.33,5.94,0.937,1,20,1.04,171,SJF,82.48,31.85,70.7,96.96
19,5.47,4.03,0.737,2,14,4.33,104,SJF,21.0,12.47,23.58,43.47
12,6.5,4.81,0.741,2,18,3.73,78,SJF,23.25,15.5,20.08,43.08
18,6.67,4.69,0.704,2,15,2.12,120,SJF,43.39,24.83,30.83,74.5
16,4.19,2.86,0.682,2,13,2.33,67,SJF,12.44,9.38,13.38,39.56
9,6.11,4.26,0.696,3,13,1.88,55,SJF,11.11,7.78,13.89,23.22
6,5.17,3.66,0.708,2,12,3.6,31,FCFS,4.33,4.33,4.33,9.33
25,5.48,4.81,0.879,1,17,1.42,137,SJF,48.52,22.44,45.36,71.76
19,4.58,3.49,0.761,1,12,2.83,87,SJF,26.16,12.05,23.0,62.95
11,3.82,2.56,0.671,1,11,2.2,42,SJF,10.09,4.73,11.27,20.45
18,4.5,3.07,0.683,2,13,1.82,81,SJF,18.28,12.44,17.22,41.83
17,5.65,4.91,0.87,2,16,1.31,96,SJF,36.88,27.59,41.94,52.0
10,6.4,5.15,0.804,3,16,5.33,64,FCFS,4.7,4.7,6.2,15.4
11,4.27,3.66,0.857,2,15,1.6,47,SJF,8.27,7.55,10.82,20.45
22,5.64,4.86,0.861,1,17,2.95,124,SJF,42.95,18.05,34.41,59.82
8,4.75,4.27,0.898,2,15,1.57,38,SJF,13.62,5.62,8.0,19.5
25,5.72,4.38,0.766,2,17,1.21,143,SJF,45.36,27.08,43.8,75.76
15,4.27,3.43,0.804,2,15,1.21,64,SJF,22.4,11.67,14.53,38.07
17,5.53,4.65,0.841,1,18,1.5,94,SJF,34.06,16.65,36.41,48.88
19,5.47,4.5,0.822,1,14,4.22,104,FCFS,9.89,7.37,17.16,28.79
7,6.86,5.67,0.827,2,17,1.5,48,SJF,9.29,7.0,11.0,17.86
15,6.13,4.37,0.713,2,17,2.36,92,SJF,25.87,16.33,26.93,48.67
12,5.92,4.4,0.744,1,13,2.09,71,SJF,17.42,12.92,21.75,37.42
13,6.62,5.38,0.813,2,16,1.83,86,SJF,17.08,12.54,18.62,37.85
25,4.12,3.37,0.818,1,13,2.04,103,SJF,23.76,10.92,25.6,53.32
12,5.17,3.9,0.756,2,14,1.55,62,SJF,21.83,10.92,17.58,31.0
19,5.16,5.23,1.014,1,20,1.56,98,SJF,23.89,13.79,28.05,38.68
11,4.45,2.91,0.653,1,11,1.6,49,SJF,14.0,8.45,14.64,31.55
25,5.72,4.19,0.732,1,14,4.04,143,SJF,27.8,15.24,36.6,59.12
30,5.63,4.69,0.832,2,17,1.41,169,SJF,64.2,29.9,71.43,89.57
9,5.78,4.82,0.834,1,14,2.38,52,SJF,15.33,7.33,21.78,23.0
8,9.25,6.18,0.668,1,18,1.57,74,SJF,26.62,21.62,29.12,40.12
6,4.67,4.63,0.993,2,14,2.2,28,FCFS,8.33,8.33,8.33,11.17
20,6.55,4.81,0.734,1,17,4.79,131,SJF,22.0,12.65,21.45,50.6
15,6.4,4.88,0.763,1,16,1.36,96,SJF,33.87,18.07,40.93,52.87
24,8.29,5.78,0.697,2,18,2.35,199,SJF,77.83,38.25,75.0,115.0
15,6.27,5.46,0.871,2,15,1.57,94,SJF,34.33,14.87,29.47,42.13
27,5.26,3.76,0.715,1,13,2.58,142,SJF,31.15,16.15,30.22,62.67
27,5.52,4.64,0.842,1,17,2.27,149,SJF,36.96,22.04,38.81,62.74
26,4.92,4.12,0.836,2,17,3.88,128,SJF,19.69,10.58,20.81,62.5
9,4.22,4.21,0.996,1,15,5.25,38,FCFS,3.33,3.33,3.56,11.44
28,4.25,4.1,0.964,1,17,1.59,119,SJF,25.25,13.0,26.36,55.82
23,5.96,4.7,0.788,2,17,2.82,137,SJF,36.35,17.87,38.17,58.57
26,4.81,3.66,0.76,2,14,3.88,125,SJF,30.15,14.27,28.58,69.5
24,5.21,4.08,0.782,1,15,3.26,125,SJF,29.46,16.04,39.79,46.92
24,5.96,5.03,0.845,2,20,1.52,143,SJF,51.58,26.96,48.17,75.67
11,4.55,4.32,0.951,1,14,1.4,50,SJF,13.55,6.45,7.64,23.18
21,7.0,5.51,0.788,2,16,1.85,147,SJF,43.86,27.71,38.19,65.67
9,5.78,5.19,0.898,2,17,1.38,52,SJF,17.89,7.33,12.0,21.78
13,5.08,4.61,0.908,1,16,3.0,66,SJF,10.62,5.92,9.38,19.15
19,6.58,4.57,0.695,2,15,5.28,125,SJF,32.11,19.21,30.95,59.26
15,6.93,5.36,0.774,2,17,1.57,104,SJF,44.53,21.33,41.67,61.2
27,4.81,4.43,0.92,1,16,1.96,130,SJF,33.78,17.0,45.22,65.15
26,5.0,4.25,0.85,1,16,1.16,130,SJF,37.81,24.69,44.38,79.42
30,4.57,3.61,0.79,1,15,1.59,137,SJF,50.4,22.63,57.0,92.07
6,5.17,4.49,0.869,2,14,1.4,31,SJF,8.5,4.67,4.67,14.67
29,5.14,4.74,0.923,1,20,1.39,149,SJF,60.9,26.69,58.21,80.41
12,5.33,3.28,0.616,2,14,4.36,64,FCFS,8.42,7.5,9.0,21.75
18,5.33,3.87,0.725,1,16,1.35,96,SJF,38.0,19.56,39.39,63.28
10,4.1,2.6,0.634,2,11,2.67,41,SJF,7.2,6.9,8.7,21.4
15,5.73,4.56,0.795,2,15,3.21,86,SJF,16.4,11.4,20.27,30.87
30,5.43,3.94,0.724,1,14,3.66,163,SJF,23.47,11.77,24.23,56.87
10,4.7,4.42,0.941,2,17,3.56,47,SJF,10.1,9.4,11.0,23.5
19,6.32,4.81,0.761,2,15,3.72,120,SJF,23.58,14.84,30.16,49.47
10,5.5,5.46,0.993,1,19,1.78,55,SJF,11.1,6.2,13.1,19.8
26,5.12,3.65,0.713,2,14,1.24,133,SJF,44.88,27.27,45.46,74.88
5,6.6,4.83,0.731,3,14,2.5,33,SJF,5.6,3.6,5.6,11.6
7,3.43,3.1,0.905,1,10,1.67,24,FCFS,1.29,1.29,3.71,8.14
9,6.89,5.09,0.738,2,16,2.0,62,SJF,20.33,16.22,27.67,35.56
27,5.63,4.16,0.739,2,16,2.69,152,SJF,46.04,23.48,43.85,77.89
19,6.53,5.26,0.807,1,16,1.44,124,SJF,48.47,27.68,55.05,72.16
9,3.33,1.41,0.424,2,6,0.62,30,SJF,10.0,9.33,10.67,23.44
27,4.67,3.55,0.761,2,14,2.65,126,SJF,17.07,12.59,17.89,55.56
5,5.0,4.53,0.906,2,13,2.0,25,FCFS,1.8,1.8,4.0,9.8
12,5.83,4.55,0.78,2,15,6.27,70,Priority,12.17,7.83,7.25,23.5
17,5.59,3.92,0.702,2,13,2.44,95,SJF,35.18,17.12,28.71,53.88
27,4.81,3.64,0.756,1,14,1.31,130,SJF,52.33,34.78,50.11,95.07
18,4.5,3.09,0.687,1,12,0.94,81,SJF,31.33,23.33,31.83,64.44
5,4.8,5.76,1.2,1,15,10.25,24,FCFS,2.4,2.4,2.4,4.0
17,4.65,4.08,0.877,1,14,2.06,79,SJF,13.24,11.82,19.0,37.41
23,6.65,5.51,0.828,1,18,2.09,153,SJF,48.26,23.78,51.91,77.43
25,6.24,5.41,0.867,2,18,1.79,156,SJF,47.84,24.0,36.88,68.88
28,5.21,3.76,0.72,1,16,2.3,146,SJF,44.43,23.93,37.25,80.46
27,4.26,3.72,0.873,2,18,1.23,115,SJF,37.07,22.07,29.48,71.44
16,7.62,5.77,0.757,2,19,2.27,122,SJF,42.75,23.62,39.25,61.0
8,8.12,5.14,0.633,1,15,1.0,65,SJF,20.25,15.5,25.88,38.38
10,4.6,2.84,0.617,2,11,1.22,46,SJF,12.0,8.8,12.8,26.0
11,8.09,6.64,0.821,2,18,2.3,89,SJF,32.0,19.09,36.45,43.27
18,5.72,4.62,0.808,1,14,1.65,103,SJF,33.67,20.44,36.72,53.67
23,6.04,4.41,0.729,1,15,1.45,139,SJF,50.65,29.61,49.13,80.09
6,6.67,5.28,0.792,3,16,1.6,40,SJF,12.33,6.0,15.17,20.17
25,6.2,5.36,0.865,1,20,1.5,155,SJF,53.24,28.6,55.32,82.2
17,4.71,3.6,0.765,2,14,2.69,80,SJF,14.12,9.88,15.76,31.53
27,6.56,4.66,0.711,1,15,3.85,177,SJF,37.22,20.26,32.04,77.52
26,5.31,3.78,0.713,2,14,3.0,138,SJF,32.85,17.73,36.54,63.0
26,5.88,4.68,0.795,1,17,2.84,153,SJF,36.77,18.58,40.23,67.73
19,6.32,4.45,0.704,2,14,3.61,120,SJF,28.05,21.68,40.05,61.11
29,4.83,3.58,0.741,1,16,4.18,140,FCFS,21.79,11.72,20.31,73.03
5,6.2,8.29,1.337,2,21,1.25,31,SJF,7.0,3.0,11.0,7.2
20,4.9,4.99,1.019,1,19,1.26,98,SJF,34.1,14.0,36.35,49.5
26,5.5,3.18,0.578,1,13,2.16,143,SJF,37.77,24.35,49.96,78.35
15,5.2,3.82,0.735,2,14,1.93,78,SJF,36.0,18.73,28.33,58.67
5,3.6,1.14,0.317,2,5,2.0,18,SJF,3.2,2.6,3.0,11.0
29,4.28,3.14,0.734,1,15,1.5,124,SJF,44.07,22.52,41.34,82.69
25,5.16,3.95,0.766,1,15,2.12,129,SJF,37.0,23.16,29.48,64.04
30,5.33,5.05,0.946,1,16,1.97,160,SJF,50.23,21.1,33.43,67.83
7,10.14,5.01,0.494,3,16,2.67,71,SJF,20.43,17.29,27.29,38.0
10,7.1,6.06,0.854,1,15,1.33,71,SJF,28.5,17.7,23.9,34.4
12,6.83,4.32,0.633,2,14,5.18,82,SJF,9.67,8.08,8.75,31.92
29,7.03,4.52,0.643,1,17,1.39,204,SJF,60.59,48.31,75.79,111.34
17,3.94,3.75,0.951,1,14,2.0,67,SJF,17.12,7.59,18.35,28.12
25,5.96,4.86,0.816,1,15,2.67,149,SJF,43.88,22.76,41.4,76.8
6,6.83,6.18,0.904,2,17,2.8,41,SJF,15.83,8.0,14.5,18.33
30,5.93,4.66,0.785,1,18,1.69,178,SJF,58.33,36.63,62.8,98.1
19,6.32,5.09,0.806,2,16,2.83,120,SJF,37.79,18.21,29.63,60.26
13,5.85,4.98,0.852,1,15,2.0,76,SJF,21.62,12.54,20.85,35.15
26,4.81,3.94,0.819,1,15,3.08,125,SJF,16.62,8.46,16.15,48.85
15,5.87,4.41,0.751,2,17,4.57,88,SJF,5.73,3.6,5.73,14.8
23,7.43,5.26,0.708,1,19,2.91,171,SJF,52.74,28.22,46.91,90.0
19,4.84,5.05,1.042,1,18,2.28,92,SJF,17.21,7.16,14.74,35.11
30,6.67,5.23,0.784,2,17,1.38,200,SJF,74.87,38.47,84.4,108.03
28,4.86,4.34,0.893,1,15,3.78,136,SJF,11.68,8.29,13.96,39.07
20,7.4,4.89,0.661,2,15,1.32,148,SJF,58.2,37.25,59.15,84.8
22,5.18,4.29,0.829,1,17,4.57,114,SJF,18.91,10.55,17.77,41.41
13,5.46,4.1,0.75,3,16,2.83,71,SJF,13.46,8.69,20.62,32.08
19,5.68,4.53,0.798,2,17,4.11,108,SJF,31.37,16.32,31.74,43.58
22,6.55,4.64,0.708,1,15,1.52,144,SJF,43.27,26.05,51.77,80.73
15,7.4,6.34,0.857,2,19,1.93,111,SJF,41.53,25.67,51.93,53.07
16,4.94,4.09,0.828,1,13,1.73,79,SJF,22.75,15.62,25.88,45.88
14,4.93,4.43,0.898,1,16,1.23,69,SJF,28.0,11.5,26.07,43.93
26,5.58,4.49,0.805,2,17,2.36,145,SJF,45.0,22.58,40.27,65.58
24,4.96,3.54,0.715,1,11,6.57,119,SJF,4.25,3.75,4.58,31.88
29,6.1,5.0,0.818,1,17,4.46,177,SJF,30.17,15.24,23.17,55.48
5,6.4,5.64,0.881,1,15,2.5,32,SJF,6.6,3.8,3.8,10.6
11,5.91,4.66,0.788,2,14,1.3,65,SJF,22.45,18.64,28.09,34.45
10,5.5,3.89,0.708,1,12,2.56,55,SJF,13.6,8.6,11.8,25.2
26,4.96,4.27,0.86,1,17,1.44,129,SJF,37.23,31.77,48.27,75.15
6,5.0,5.97,1.193,1,17,1.2,30,SJF,10.67,3.5,10.17,12.33
14,7.0,4.44,0.634,1,14,1.31,98,SJF,42.86,23.29,46.36,61.0
25,6.36,4.85,0.762,1,18,3.58,159,SJF,43.08,22.8,41.92,77.96
13,4.46,3.36,0.752,1,12,1.42,58,SJF,17.46,9.08,12.62,33.08
22,6.73,4.81,0.715,1,14,4.81,148,FCFS,25.82,15.95,23.36,59.27
9,3.11,0.93,0.298,2,5,1.5,28,FCFS,8.89,7.67,8.78,24.0
21,5.71,4.06,0.711,2,15,2.3,120,SJF,28.1,17.0,28.57,59.9
11,2.64,1.21,0.457,1,5,2.2,29,SJF,5.09,3.64,4.45,18.27
20,4.7,4.29,0.913,1,16,1.74,94,SJF,36.8,14.3,29.1,57.45
12,3.5,2.94,0.84,1,12,7.55,42,SJF,0.75,0.58,0.92,5.17
19,5.26,4.51,0.856,1,16,2.06,100,SJF,28.21,15.0,29.53,47.58
10,5.7,5.21,0.914,2,16,2.22,57,SJF,23.8,10.1,17.8,30.1
15,6.13,4.88,0.796,2,16,2.79,92,SJF,20.6,12.2,24.53,43.13
11,5.18,3.6,0.695,1,13,2.0,57,SJF,17.27,13.36,15.45,33.64
11,8.45,4.82,0.571,2,16,1.6,93,SJF,34.73,24.82,36.27,60.91
27,4.7,3.79,0.806,1,16,2.65,127,SJF,27.56,14.78,29.07,65.22
9,5.56,3.75,0.674,1,11,0.75,50,SJF,20.89,11.33,20.11,31.56
13,7.15,5.89,0.823,1,18,2.67,93,SJF,27.54,17.15,33.62,39.62
25,4.68,3.75,0.801,1,16,1.5,117,SJF,42.8,21.36,46.48,81.52
28,7.54,5.35,0.71,1,16,2.22,211,SJF,72.96,39.43,66.96,110.89
5,6.0,4.3,0.717,2,12,2.5,30,SJF,9.8,7.6,7.6,15.2
23,6.91,5.26,0.76,1,18,2.05,159,SJF,49.26,29.43,54.26,85.35
5,6.0,4.3,0.717,2,11,2.25,30,SJF,5.4,4.8,5.4,13.8
21,6.05,4.79,0.792,1,18,2.6,127,SJF,37.67,22.38,38.81,61.48
27,4.7,3.52,0.748,1,15,1.58,127,SJF,49.78,24.63,48.74,90.44
21,8.43,5.51,0.654,1,16,3.85,177,SJF,46.67,31.95,49.0,87.95
25,4.88,3.98,0.816,1,15,3.54,122,SJF,15.28,8.88,14.52,48.44
10,3.7,1.95,0.526,2,9,2.22,37,SJF,5.6,3.6,5.0,18.6
19,5.47,4.57,0.836,2,15,3.11,104,SJF,22.74,12.32,21.47,43.84
24,5.92,5.23,0.884,2,18,3.65,142,SJF,29.42,13.33,28.04,48.62
8,6.88,5.44,0.791,1,15,1.86,55,SJF,13.0,9.12,14.0,28.38
26,4.92,4.44,0.903,1,15,1.68,128,SJF,48.46,23.19,47.23,79.19
13,5.62,4.74,0.843,1,15,2.42,73,SJF,16.62,13.69,19.31,29.54
14,5.57,5.33,0.957,1,18,5.15,78,FCFS,6.29,5.57,6.79,18.93
14,4.5,3.2,0.712,1,12,2.23,63,SJF,21.64,14.14,21.07,41.71
18,6.61,5.92,0.896,1,18,2.41,119,SJF,46.61,24.83,45.44,61.22
29,4.66,3.95,0.848,1,17,5.96,135,FCFS,3.34,2.93,3.38,11.93
23,7.35,4.98,0.678,2,16,1.91,169,SJF,68.74,38.26,72.26,98.78
18,6.83,5.25,0.768,1,16,1.18,123,SJF,49.67,25.83,48.11,78.83
9,5.89,5.82,0.988,2,16,2.12,53,SJF,19.33,7.11,15.56,21.89
26,5.92,4.37,0.738,2,16,2.92,154,SJF,32.19,16.58,44.38,64.08
14,5.64,5.17,0.916,1,17,3.0,79,SJF,25.57,10.79,27.57,38.86
28,6.68,4.77,0.714,1,15,1.52,187,SJF,56.93,38.21,63.14,104.96
19,4.42,3.39,0.766,1,14,1.89,84,SJF,20.26,12.79,19.11,47.21
7,5.57,5.47,0.982,1,14,2.17,39,SJF,3.86,3.57,3.86,10.86
12,4.33,4.14,0.956,1,14,1.27,52,SJF,15.92,7.83,17.5,27.33
17,6.24,4.76,0.764,2,16,2.25,106,SJF,21.35,15.0,21.71,42.71
7,5.0,4.08,0.816,2,14,2.33,35,SJF,8.57,4.0,8.0,17.57
18,5.83,4.31,0.74,2,15,6.18,105,SJF,5.22,3.11,6.17,17.06
11,4.55,3.72,0.819,2,14,4.4,50,SJF,2.73,1.82,1.82,9.36
7,4.57,3.82,0.836,1,11,3.67,32,FCFS,3.43,3.57,3.29,12.14
27,6.26,4.82,0.771,1,17,1.65,169,SJF,57.93,34.74,54.07,103.0
9,3.11,2.42,0.778,1,9,1.62,28,SJF,5.78,5.44,6.56,14.44
21,6.43,4.83,0.752,1,15,2.45,135,SJF,44.38,22.05,47.71,73.29
17,6.71,5.41,0.806,1,16,0.94,114,SJF,43.24,23.35,44.47,64.88
5,3.4,2.3,0.677,1,7,2.0,17,SJF,3.6,3.4,3.6,8.6
14,6.43,5.43,0.845,1,17,0.69,90,SJF,44.07,21.5,36.07,60.21
24,6.25,5.1,0.816,1,18,2.09,150,SJF,47.38,21.67,40.42,75.67
6,3.17,0.75,0.238,2,4,3.2,19,SJF,1.5,1.33,1.33,7.17
14,7.36,5.84,0.794,2,17,1.46,103,SJF,40.29,21.93,39.93,54.86
13,8.77,5.86,0.668,2,17,2.25,114,SJF,44.31,24.15,36.0,62.54
19,4.84,4.02,0.83,1,15,1.33,92,SJF,46.11,24.68,37.84,71.16
11,8.18,6.51,0.796,1,18,1.8,90,SJF,29.55,15.73,23.55,43.45
22,7.18,5.42,0.755,1,15,1.33,158,SJF,68.95,34.86,62.27,93.55
27,6.63,5.58,0.841,1,17,2.23,179,SJF,59.0,29.19,57.96,87.63
17,6.06,4.63,0.764,1,16,3.75,103,SJF,13.65,7.59,13.41,35.35
13,3.62,3.01,0.834,1,13,0.83,47,SJF,20.77,10.31,19.77,29.69
7,8.29,6.82,0.824,2,18,1.83,58,SJF,10.29,7.57,14.0,23.0
25,4.52,3.74,0.828,1,14,1.21,113,SJF,41.0,20.88,41.28,71.28
30,4.9,4.25,0.866,1,16,1.52,147,SJF,56.97,26.53,49.43,94.9
28,4.71,4.15,0.881,1,16,1.0,132,SJF,45.86,27.14,53.75,84.18
28,5.57,4.13,0.742,2,15,1.7,156,SJF,39.46,24.43,42.0,72.79
20,4.9,3.75,0.766,1,13,1.53,98,SJF,25.25,14.55,35.35,54.05
26,6.15,4.87,0.792,2,18,3.32,160,SJF,40.73,19.04,34.04,73.31
9,7.44,4.64,0.623,4,17,1.38,67,SJF,22.78,18.44,23.11,34.78
20,5.5,4.89,0.89,1,19,1.89,110,SJF,43.4,18.8,41.1,63.95
15,5.13,4.53,0.883,2,17,1.86,77,SJF,24.93,13.0,25.87,36.8
10,6.1,4.68,0.767,2,14,2.22,61,SJF,19.7,11.8,20.9,30.2
13,7.46,6.37,0.854,2,21,1.75,97,SJF,23.15,13.62,43.38,40.92
28,5.89,4.74,0.804,1,21,2.07,165,SJF,36.96,22.04,50.86,72.75
6,4.5,4.28,0.951,1,13,1.8,27,FCFS,9.5,9.5,9.67,16.0
23,3.96,2.64,0.666,2,13,2.86,91,Priority,15.87,10.83,12.87,46.48
16,5.75,4.16,0.723,2,15,1.07,92,SJF,43.12,24.31,42.56,62.12
7,5.71,5.53,0.968,2,16,2.5,40,SJF,10.71,4.71,8.43,11.71
25,5.0,3.39,0.678,2,12,5.21,125,FCFS,9.24,6.04,8.04,34.8
24,5.17,4.47,0.865,1,17,1.87,124,SJF,37.08,16.96,40.62,51.0
18,6.39,5.78,0.905,2,21,2.24,115,SJF,29.11,15.22,33.94,42.72
22,5.91,4.31,0.729,1,14,5.05,130,FCFS,7.73,5.64,7.23,35.41
6,5.0,3.46,0.693,3,12,4.2,30,FCFS,4.67,4.5,4.67,11.17
23,4.43,3.81,0.86,1,15,1.73,102,SJF,36.52,16.61,31.26,67.35
8,6.5,5.55,0.855,1,15,1.0,52,SJF,13.38,8.25,19.5,24.12
17,5.0,4.02,0.803,1,14,2.06,85,SJF,20.29,8.76,15.18,35.18
10,4.4,3.2,0.728,2,12,3.56,44,SJF,4.5,3.2,3.4,13.2
18,7.61,5.61,0.737,1,17,2.65,137,SJF,45.0,22.72,46.17,66.39
16,4.62,4.13,0.893,1,16,1.13,74,SJF,21.44,15.06,24.56,41.12
5,6.8,5.02,0.738,3,15,2.5,34,FCFS,4.2,4.2,4.2,11.8
13,6.08,4.39,0.722,2,14,2.0,79,SJF,26.54,14.77,26.31,43.0
29,5.45,4.6,0.845,1,16,4.36,158,SJF,28.41,13.9,20.69,65.62
13,4.23,3.65,0.864,1,14,1.58,55,SJF,17.23,7.62,14.62,30.15
8,4.75,4.37,0.919,1,12,2.14,38,SJF,11.75,6.62,12.62,19.62
21,4.1,3.55,0.866,1,14,1.55,86,SJF,33.52,12.33,25.33,51.43
16,5.0,3.58,0.716,2,13,1.6,80,SJF,20.81,12.38,21.19,47.62
22,5.77,5.0,0.867,2,18,3.29,127,SJF,29.91,13.23,26.41,39.5
17,5.76,4.91,0.851,1,16,4.31,98,SJF,24.29,13.47,32.29,40.18
7,5.57,4.89,0.878,1,15,2.83,39,SJF,2.43,2.29,5.57,10.14
9,4.44,3.21,0.721,2,11,1.25,40,SJF,17.22,7.56,15.22,32.67
8,2.62,1.19,0.452,1,4,4.71,21,SJF,1.75,1.38,1.75,10.88
8,5.38,4.81,0.895,2,14,2.29,43,SJF,6.38,4.75,9.0,15.62
7,5.71,5.44,0.952,3,18,1.33,40,SJF,17.43,6.71,16.71,23.86
13,6.38,5.11,0.8,2,16,1.17,83,SJF,28.77,16.38,40.69,41.08
12,5.5,4.1,0.746,2,16,0.82,66,SJF,15.17,14.17,23.58,35.83
8,7.12,6.75,0.947,2,18,2.57,57,SJF,15.38,11.5,15.62,20.12
21,8.19,5.17,0.632,2,21,2.55,172,SJF,49.29,33.05,59.57,84.57
26,5.73,5.02,0.877,2,17,1.2,149,SJF,58.31,26.08,67.62,80.5
7,9.29,6.68,0.719,2,19,0.67,65,SJF,24.0,14.0,23.0,36.14
14,4.79,4.76,0.994,1,18,2.62,67,SJF,20.36,14.79,21.64,35.93
18,5.39,4.0,0.743,2,15,4.94,97,SJF,15.06,9.67,16.28,36.39
26,6.0,5.09,0.849,1,20,1.76,156,SJF,46.77,28.27,48.62,79.35
24,5.42,4.22,0.779,1,13,1.61,130,SJF,34.25,20.0,34.46,64.83
15,5.47,4.75,0.869,1,16,3.0,82,FCFS,17.13,16.33,17.33,33.8
24,6.17,4.65,0.754,1,15,2.61,148,SJF,47.29,23.75,43.83,82.21
28,4.18,3.4,0.814,1,14,2.26,117,SJF,38.46,19.43,31.14,70.11
26,6.15,4.93,0.801,1,16,1.36,160,SJF,68.73,32.27,54.88,97.0
22,5.86,4.66,0.795,1,16,1.57,129,SJF,46.5,22.91,41.09,73.55
6,7.17,7.36,1.027,1,18,0.8,43,SJF,17.0,6.83,17.33,17.67
9,8.44,5.13,0.607,2,14,4.88,76,SJF,21.11,13.56,21.44,39.22
28,6.79,4.89,0.721,1,15,2.07,190,SJF,53.68,35.54,61.5,103.64
16,5.56,4.82,0.866,1,16,3.33,89,SJF,14.81,9.75,14.62,30.62
24,7.83,6.38,0.815,1,21,3.04,188,SJF,46.75,25.5,42.33,76.21
26,5.69,4.33,0.761,1,17,1.64,148,SJF,52.96,29.38,45.12,88.38
25,5.88,4.72,0.803,1,15,2.54,147,SJF,34.08,19.16,32.8,60.16
5,4.2,2.49,0.593,2,8,2.25,21,SJF,4.8,3.2,4.8,10.8
19,5.53,4.57,0.828,2,16,2.83,105,SJF,28.11,16.95,25.79,44.95
18,6.44,5.19,0.806,2,18,1.88,116,SJF,35.33,17.56,34.89,55.33
24,4.38,4.06,0.929,1,17,1.83,105,SJF,29.33,16.5,22.58,56.96
15,5.73,4.59,0.801,1,13,1.29,86,SJF,26.47,14.87,32.4,44.53
11,5.55,4.89,0.881,2,17,1.0,61,SJF,15.27,11.64,21.82,27.27
13,5.77,4.71,0.817,2,15,1.83,75,SJF,30.77,19.46,24.92,42.23
9,5.56,4.85,0.873,2,14,2.0,50,SJF,9.0,6.11,7.44,19.11
24,5.17,3.76,0.728,1,13,1.04,124,SJF,46.46,25.71,55.17,69.92
11,7.64,5.64,0.739,2,16,1.3,84,SJF,23.27,17.09,25.18,38.73
26,5.96,4.93,0.827,1,17,2.56,155,SJF,30.19,22.23,41.15,59.88
7,3.0,1.0,0.333,2,5,1.67,21,SJF,6.0,4.43,5.71,17.0
19,4.95,3.63,0.733,1,13,1.33,94,SJF,31.84,20.05,32.79,62.68
21,4.86,4.73,0.973,2,17,0.75,102,SJF,41.19,21.52,40.0,66.9
16,5.0,4.35,0.87,2,16,4.2,80,SJF,15.44,8.81,18.88,35.56
25,4.48,3.36,0.749,2,15,1.67,112,SJF,37.64,18.56,40.32,72.72
18,6.56,5.19,0.792,1,15,4.12,118,SJF,19.33,10.44,23.28,39.61
20,6.6,5.42,0.822,1,16,3.68,132,SJF,46.1,22.9,40.55,70.8
23,5.83,5.52,0.947,1,18,5.5,134,SJF,9.04,7.04,9.26,30.04
14,5.29,3.83,0.725,2,12,3.31,74,SJF,12.57,8.14,17.07,25.07
17,6.35,4.69,0.738,1,15,0.94,108,SJF,44.82,25.59,48.47,67.24
28,5.68,4.62,0.813,2,15,3.07,159,SJF,43.32,19.32,44.21,74.21
29,7.62,5.53,0.726,2,17,3.25,221,SJF,65.1,37.03,72.24,100.72
26,4.85,3.74,0.771,1,14,1.72,126,SJF,36.31,20.62,33.96,76.92
17,6.24,5.14,0.825,1,15,1.31,106,SJF,32.06,23.18,34.47,52.71
16,7.0,4.37,0.624,1,16,2.4,112,SJF,33.12,20.19,27.56,56.5
15,6.53,4.87,0.745,1,15,3.71,98,SJF,16.47,10.93,20.87,36.4
7,6.14,5.43,0.884,2,15,1.17,43,SJF,16.86,7.0,17.86,21.29
14,8.29,6.18,0.746,3,19,2.31,116,SJF,39.07,23.43,41.14,59.43
17,3.53,2.62,0.744,1,11,4.25,60,SJF,6.65,3.88,7.0,14.59
11,7.55,6.5,0.862,2,20,1.2,83,SJF,35.64,25.45,34.0,42.82
20,6.25,4.8,0.768,1,14,3.58,125,SJF,27.9,15.85,27.05,53.65
15,5.6,4.19,0.748,1,13,4.29,84,SJF,6.27,5.07,5.53,20.33
28,6.04,4.43,0.735,2,16,2.19,169,SJF,52.39,29.39,55.04,87.32
18,6.78,5.3,0.782,1,17,3.94,122,SJF,29.61,16.28,24.83,55.83
6,6.5,4.72,0.727,3,15,4.4,39,SJF,3.83,1.83,3.83,10.83
19,4.53,4.36,0.964,1,17,1.33,86,SJF,18.21,15.63,26.37,51.42
11,6.82,5.91,0.867,2,18,1.8,75,SJF,32.82,14.45,27.45,42.91
5,6.2,5.5,0.886,2,14,2.75,31,SJF,9.4,4.6,9.4,13.0
25,6.76,4.75,0.703,2,18,3.29,169,SJF,40.24,25.24,43.8,79.16
28,4.43,3.19,0.72,2,13,1.37,124,SJF,45.82,25.89,38.29,86.57
24,5.33,4.38,0.821,2,16,1.13,128,SJF,61.92,33.79,59.88,79.96
19,4.21,3.12,0.741,1,14,1.67,80,SJF,16.63,10.95,16.89,46.32
21,4.14,2.73,0.658,1,13,1.25,87,SJF,33.57,20.19,29.67,67.19
11,4.55,3.56,0.783,2,13,3.5,50,Priority,4.82,3.64,3.64,21.27
22,4.82,4.09,0.849,1,16,1.1,106,SJF,40.86,28.82,46.41,69.45
15,5.6,5.05,0.902,1,19,2.0,84,SJF,35.47,13.73,34.13,47.13
21,6.62,4.96,0.75,2,16,1.95,139,SJF,64.24,36.38,58.86,92.62
28,6.14,4.89,0.796,2,19,1.7,172,SJF,57.39,27.75,53.68,89.07
10,3.9,2.47,0.633,2,10,2.0,39,FCFS,4.7,4.5,5.8,17.1
30,5.63,4.85,0.86,1,19,3.28,169,SJF,42.47,19.43,33.3,71.33
15,6.07,4.8,0.792,1,15,2.36,91,SJF,29.87,16.47,27.67,45.07
10,6.0,3.8,0.633,1,12,2.22,60,SJF,21.9,12.4,17.6,35.5
24,6.75,4.78,0.709,2,16,5.43,162,SJF,8.58,6.67,9.08,33.29
22,6.27,5.54,0.883,1,20,2.05,138,SJF,46.36,21.95,40.64,69.64
8,6.88,5.19,0.756,2,14,3.57,55,SJF,14.75,9.62,21.38,25.25
5,6.6,5.86,0.887,2,13,1.25,33,SJF,7.4,5.0,9.2,13.6
20,6.1,4.92,0.806,1,15,1.95,122,SJF,39.1,23.1,33.35,56.6
27,5.78,4.13,0.714,2,15,2.73,156,SJF,43.15,22.89,35.26,83.22
30,5.7,4.47,0.783,1,17,3.0,171,SJF,36.9,18.8,34.57,72.47
9,6.11,5.4,0.883,2,16,2.0,55,SJF,13.0,6.56,16.78,20.67
23,5.65,5.09,0.9,1,17,3.32,130,SJF,21.35,13.52,24.22,39.78
12,4.58,4.12,0.899,2,15,1.82,55,SJF,14.67,12.0,14.92,28.42
26,4.58,4.18,0.913,1,18,2.56,119,SJF,34.27,13.88,22.58,59.27
7,5.43,3.74,0.688,2,12,1.5,38,SJF,15.43,11.0,12.43,26.71
13,5.46,4.22,0.772,1,14,1.25,71,SJF,31.54,20.31,29.23,45.23
28,5.86,4.79,0.818,1,15,1.78,164,SJF,63.39,36.18,57.0,97.89
9,6.11,4.01,0.657,2,13,1.88,55,SJF,18.0,11.78,14.22,31.56
7,2.57,1.27,0.495,1,5,3.33,18,FCFS,0.57,0.57,0.71,7.57
15,5.93,5.06,0.853,2,15,1.57,89,SJF,38.67,21.4,32.0,48.6
29,6.03,5.34,0.885,2,21,3.86,175,SJF,29.86,13.97,26.66,60.14
17,7.18,5.59,0.779,2,17,1.81,122,SJF,41.18,22.47,49.29,58.24
25,6.8,4.87,0.717,2,16,1.33,170,SJF,72.68,40.76,73.28,110.04
17,4.59,4.57,0.996,1,17,3.31,78,SJF,14.41,9.82,12.88,29.71
7,4.57,3.69,0.807,2,12,1.67,32,SJF,10.57,4.86,9.57,19.0
27,6.3,4.54,0.721,1,15,1.5,170,SJF,65.04,32.93,59.0,109.26
23,5.39,5.11,0.949,1,22,2.27,124,SJF,33.61,17.87,48.17,55.13
27,5.59,4.35,0.778,1,15,3.23,151,SJF,35.04,18.52,29.41,64.74
27,6.41,4.82,0.753,1,16,2.38,173,SJF,50.93,26.04,41.63,86.67
9,4.22,2.64,0.624,2,11,3.38,38,FCFS,3.89,3.44,3.56,15.33
19,6.74,5.39,0.801,1,16,1.11,128,SJF,66.42,35.32,63.32,90.47
15,4.67,3.58,0.767,1,13,0.86,70,SJF,36.27,24.67,30.6,62.67
28,5.86,4.62,0.79,1,18,4.04,164,SJF,25.57,12.36,19.07,55.75
19,6.47,4.25,0.656,2,15,1.56,123,SJF,43.05,26.53,49.58,75.26
27,6.37,3.78,0.594,2,13,2.85,172,SJF,46.0,27.96,52.67,90.67
12,6.67,4.94,0.741,2,14,2.0,80,SJF,27.83,14.17,19.08,41.83
10,3.7,2.0,0.541,2,9,2.56,37,SJF,4.9,2.6,4.9,17.5
24,5.67,4.67,0.824,1,18,6.17,136,SJF,6.0,5.38,6.58,20.25
24,7.62,5.35,0.701,1,17,2.17,183,SJF,64.75,37.71,65.58,101.5
28,6.04,4.44,0.736,1,16,1.81,169,SJF,53.89,31.25,54.57,93.79
21,4.67,3.25,0.695,2,14,1.55,98,SJF,31.19,18.71,31.1,60.62
9,4.11,3.48,0.847,1,13,2.38,37,SJF,12.22,11.0,13.33,25.11
6,7.67,4.68,0.61,2,13,3.0,46,SJF,12.0,8.67,12.33,22.5
18,6.89,4.11,0.597,1,12,1.24,124,SJF,51.17,33.39,40.44,84.39
16,7.0,4.79,0.684,2,15,1.4,112,SJF,36.31,25.31,30.81,54.31
27,7.3,5.72,0.784,1,18,1.69,197,SJF,75.33,43.74,67.04,106.67
22,6.86,5.76,0.839,1,19,1.81,151,SJF,42.95,31.23,49.14,76.86
18,4.78,3.66,0.765,1,15,2.71,86,SJF,14.56,11.33,17.67,42.5
5,5.8,4.38,0.755,3,13,4.75,29,FCFS,2.6,2.6,3.4,8.8
9,4.89,3.48,0.712,2,13,1.5,44,SJF,13.22,7.33,10.0,28.44
20,4.7,3.6,0.766,2,15,1.68,94,SJF,27.8,16.25,27.45,55.1
29,6.07,4.91,0.808,1,17,0.82,176,SJF,70.93,36.66,70.79,95.86
9,7.44,5.94,0.798,1,16,1.12,67,SJF,21.44,17.33,21.22,31.44
28,4.71,4.06,0.862,1,17,2.85,132,SJF,29.86,14.0,26.64,69.14
5,6.6,6.39,0.968,2,15,1.25,33,SJF,14.2,12.2,14.2,15.0
27,6.11,4.32,0.707,2,15,2.42,165,SJF,37.85,26.67,44.85,78.11
5,9.0,7.31,0.813,3,17,1.5,45,SJF,13.8,11.2,14.2,17.2
12,4.0,2.34,0.584,2,9,2.55,48,FCFS,6.5,5.25,5.5,20.42
17,5.18,4.76,0.919,2,16,1.31,88,SJF,36.94,17.59,28.94,48.0
8,7.0,5.26,0.752,1,16,4.14,56,SJF,10.12,6.25,8.25,16.88
22,8.86,6.49,0.732,2,19,1.38,195,SJF,66.95,50.36,66.18,104.41
30,4.8,4.57,0.951,1,23,1.62,144,SJF,53.77,23.77,57.83,86.83
18,5.56,4.88,0.878,1,17,1.59,100,SJF,29.5,14.44,21.78,47.33
9,3.22,0.83,0.259,2,4,0.75,29,SJF,10.89,9.0,10.78,25.89
6,5.0,3.52,0.704,2,10,0.6,30,SJF,11.17,6.33,14.5,21.67
26,6.19,4.88,0.789,1,17,1.92,161,SJF,45.81,25.88,52.04,80.96
7,7.43,4.93,0.663,3,14,1.83,52,SJF,10.86,9.29,12.86,23.29
25,3.68,3.42,0.931,1,14,2.62,92,SJF,17.36,7.12,14.36,33.08
12,7.75,5.24,0.676,1,18,1.36,93,SJF,28.42,21.0,34.42,55.5
29,4.62,4.15,0.899,1,17,2.61,134,SJF,36.24,14.14,33.38,75.34
26,5.77,4.82,0.835,1,17,1.28,150,SJF,51.08,25.96,52.69,81.62
10,5.6,5.02,0.896,2,16,3.67,56,FCFS,6.4,6.0,9.2,15.4
16,6.06,5.27,0.87,1,17,1.27,97,SJF,28.38,15.94,37.62,53.12
25,6.64,4.89,0.736,1,16,1.0,166,SJF,73.0,37.28,70.36,105.36
17,5.41,4.24,0.784,2,13,3.81,92,SJF,16.76,10.0,13.53,29.41
25,6.2,4.89,0.789,1,16,2.0,155,SJF,37.08,23.56,52.8,75.96
12,4.0,2.34,0.584,2,11,1.64,48,SJF,12.25,7.92,9.5,28.33
25,4.24,3.62,0.854,1,18,1.08,106,SJF,40.12,27.0,43.8,75.84
22,6.0,5.0,0.833,2,18,5.71,132,SJF,16.23,9.55,17.23,37.68
23,5.65,4.9,0.866,1,18,2.18,130,SJF,53.91,22.52,42.22,78.17
5,4.4,2.79,0.635,2,9,2.25,22,SJF,6.2,5.0,5.6,16.8
24,4.54,4.61,1.014,1,18,1.35,109,SJF,47.75,19.29,39.46,69.71
23,5.57,5.5,0.988,1,18,1.59,128,SJF,49.96,22.78,39.13,63.91
20,6.3,5.44,0.863,1,18,1.95,126,SJF,29.6,17.7,32.85,54.45
29,4.17,3.55,0.85,1,15,1.89,121,SJF,35.45,17.0,32.9,67.34
27,5.3,4.82,0.91,2,19,1.42,143,SJF,38.3,20.93,50.63,59.41
28,4.75,3.86,0.814,1,15,1.56,133,SJF,41.29,21.54,43.21,79.71
13,5.15,4.1,0.795,1,16,1.42,67,SJF,27.85,12.46,22.92,41.38
20,6.15,4.32,0.702,2,15,1.37,123,SJF,61.05,33.35,57.0,93.15
24,6.54,5.09,0.778,1,18,1.13,157,SJF,47.29,33.0,56.83,82.21
9,2.89,0.78,0.271,2,4,4.62,26,FCFS,0.56,0.56,0.67,7.67
10,7.3,4.6,0.63,1,13,1.56,73,SJF,31.9,21.4,21.9,49.2
14,8.5,5.67,0.667,2,17,1.31,119,SJF,44.14,30.79,43.64,71.21
10,8.7,4.08,0.469,4,14,1.78,87,SJF,32.8,24.1,27.3,59.0
30,5.17,3.97,0.769,1,14,1.14,155,SJF,63.53,38.6,63.43,101.5
22,6.23,4.8,0.771,1,15,6.81,137,SJF,12.77,7.95,13.77,38.73
20,5.4,4.11,0.761,1,13,2.26,108,SJF,29.3,17.65,29.35,49.55
14,6.86,5.48,0.798,2,18,1.62,96,SJF,39.0,20.14,46.07,51.5
19,7.21,6.01,0.833,1,17,2.17,137,SJF,43.21,22.89,35.37,60.32
14,5.5,3.55,0.645,2,14,2.15,77,SJF,29.64,14.64,29.36,49.0
15,5.87,4.72,0.804,1,14,3.07,88,SJF,24.0,11.67,22.4,40.2
20,4.7,3.67,0.781,1,14,2.47,94,SJF,23.6,12.35,31.35,53.1
14,6.0,4.52,0.754,2,14,4.85,84,SJF,13.29,7.14,10.43,27.93
27,6.15,4.29,0.697,2,15,1.73,166,SJF,50.85,28.33,46.96,90.81
29,5.28,4.12,0.781,1,16,2.57,153,SJF,38.66,19.83,38.0,67.21
15,5.87,3.8,0.647,2,13,1.21,88,SJF,32.8,19.07,22.6,56.73
18,5.61,4.85,0.865,1,18,2.94,101,SJF,26.17,16.78,26.94,42.44
26,5.73,4.41,0.769,2,17,1.68,149,SJF,40.38,24.92,59.08,71.0
9,6.0,4.61,0.768,2,13,2.38,54,SJF,20.0,9.78,20.33,30.11
22,5.55,4.55,0.821,1,17,2.62,122,SJF,39.91,17.77,40.86,62.32
22,6.86,5.01,0.73,1,16,1.67,151,SJF,59.32,30.18,65.45,98.05
19,5.0,3.56,0.712,2,13,2.22,95,SJF,25.11,14.89,21.16,56.42
19,8.79,5.66,0.644,2,18,3.28,167,SJF,53.0,32.79,54.05,83.84
29,5.72,4.79,0.836,1,15,1.11,166,SJF,67.34,36.41,72.1,101.55
21,8.29,6.02,0.726,2,19,1.95,174,SJF,64.86,37.76,76.95,96.86
29,5.83,4.54,0.778,1,14,2.54,169,SJF,43.79,23.1,50.03,73.48
11,6.18,4.9,0.792,2,15,3.5,68,SJF,13.91,11.82,15.45,23.91
22,6.82,5.21,0.764,1,16,1.43,150,SJF,59.32,31.91,49.14,90.64
10,3.9,2.23,0.573,2,10,1.56,39,SJF,12.3,7.2,11.0,26.8
5,4.4,2.88,0.655,2,9,1.5,22,SJF,4.6,2.6,2.6,8.8
27,5.11,3.73,0.731,2,15,1.35,138,SJF,41.44,27.96,37.85,70.41
26,5.69,4.86,0.853,1,20,1.56,148,SJF,53.31,28.81,63.0,80.58
17,6.76,5.73,0.847,2,20,1.38,115,SJF,48.06,24.35,47.76,66.82
22,6.09,4.8,0.788,2,16,4.19,134,SJF,21.5,10.64,22.5,44.86
18,5.83,4.81,0.824,2,16,1.18,105,SJF,48.22,30.44,41.89,67.56
27,5.7,4.28,0.75,2,16,2.19,154,SJF,42.85,22.04,43.56,67.44
7,2.57,1.13,0.441,1,4,2.0,18,FCFS,2.57,2.43,3.0,12.86
17,7.0,6.04,0.863,2,23,2.25,119,SJF,46.47,21.35,44.24,59.76
30,5.7,4.59,0.806,1,17,3.69,171,SJF,38.03,21.8,41.43,71.0
7,3.43,0.98,0.285,2,5,1.5,24,SJF,5.43,4.29,4.29,16.14
26,4.5,4.07,0.905,2,17,1.8,117,SJF,33.35,16.77,32.65,62.73
16,5.44,4.77,0.878,2,17,2.67,87,SJF,25.5,11.88,25.38,39.81
11,4.0,3.16,0.791,1,13,2.2,44,FCFS,14.64,14.36,16.82,27.55
29,4.97,4.16,0.838,1,15,1.57,144,SJF,48.14,26.9,49.93,88.97
17,6.88,5.25,0.763,1,15,2.88,117,SJF,44.12,22.24,33.06,70.06
6,6.17,5.15,0.836,1,14,0.4,37,SJF,21.83,15.17,17.83,23.0
17,6.71,4.51,0.673,1,15,1.56,114,SJF,51.0,31.53,48.53,87.0
8,8.75,6.54,0.748,2,20,2.14,70,SJF,20.38,18.0,21.0,31.75
17,5.12,4.4,0.86,1,15,1.31,87,SJF,15.41,13.82,27.71,32.29
18,5.17,4.34,0.84,2,17,1.29,93,SJF,35.11,15.39,28.72,48.89
30,6.93,5.13,0.74,1,16,1.45,208,SJF,83.0,50.93,78.4,127.63
16,7.56,5.24,0.693,1,15,1.0,121,SJF,49.69,27.81,46.12,69.88
5,6.6,6.07,0.919,1,15,2.25,33,FCFS,3.4,3.4,7.4,8.4
18,5.44,3.82,0.702,2,15,3.06,98,SJF,17.11,11.0,16.83,34.0
18,5.83,4.94,0.846,1,16,2.94,105,SJF,23.5,11.11,21.0,42.11
20,6.25,5.11,0.817,1,16,3.68,125,SJF,26.55,14.4,22.05,52.05
13,6.85,4.6,0.672,2,16,2.17,89,SJF,23.69,16.0,23.15,45.54
17,4.59,4.06,0.886,1,15,1.25,78,SJF,29.71,16.59,26.65,48.65
22,6.27,5.11,0.815,1,17,2.81,138,SJF,38.23,17.77,38.5,67.5
21,6.19,4.06,0.655,1,13,1.45,130,SJF,48.05,26.81,49.9,78.0
30,6.1,5.28,0.866,1,17,3.9,183,SJF,36.77,18.6,46.2,68.8
6,5.83,4.22,0.723,3,13,1.6,35,SJF,14.67,13.17,13.67,20.0
25,5.96,4.44,0.745,1,16,2.12,149,SJF,35.36,19.76,38.76,68.0
21,5.33,4.1,0.769,1,13,3.8,112,SJF,16.33,9.9,19.0,31.0
16,7.25,5.62,0.775,2,17,1.67,116,SJF,40.06,22.62,35.69,54.25
18,5.67,4.72,0.832,1,14,1.65,102,SJF,35.61,19.11,34.06,50.56
27,4.89,3.47,0.709,2,14,2.92,132,SJF,13.7,9.56,16.52,56.15
23,6.96,5.25,0.755,1,16,3.18,160,SJF,30.3,19.91,42.57,72.65
18,7.44,4.8,0.645,1,16,4.82,134,SJF,24.94,13.89,23.56,50.5
18,5.44,4.55,0.836,1,17,4.53,98,SJF,10.67,6.61,13.22,26.67
11,6.09,4.81,0.789,2,15,2.2,67,SJF,20.18,10.09,20.64,29.64
5,3.4,1.14,0.335,2,5,1.25,17,SJF,4.8,4.2,6.2,12.8
14,4.86,4.15,0.854,2,15,1.62,68,SJF,21.36,11.21,21.29,38.0
9,5.56,4.72,0.85,1,13,1.12,50,SJF,14.56,9.22,16.67,23.67
23,6.83,5.13,0.752,1,18,1.55,157,SJF,66.91,35.09,59.43,96.91
30,5.63,4.89,0.868,1,17,2.0,169,SJF,62.93,30.0,51.4,101.73
17,4.71,3.64,0.773,1,13,0.88,80,SJF,23.12,17.18,28.53,53.82
24,4.67,3.92,0.84,2,14,1.3,112,SJF,42.58,27.71,48.25,75.25
22,5.5,4.51,0.82,1,15,4.81,121,SJF,23.09,11.95,19.55,46.82
22,5.59,5.16,0.923,1,18,2.38,123,SJF,45.32,16.86,46.59,62.5
21,5.33,4.77,0.894,1,15,0.9,112,SJF,50.19,22.29,37.0,65.0
28,6.25,6.05,0.968,1,19,1.48,175,SJF,67.07,27.93,66.71,88.46
22,5.27,4.11,0.779,1,14,3.62,116,SJF,24.68,12.59,19.73,46.23
28,6.18,5.0,0.81,1,18,5.78,173,SJF,12.21,7.54,12.0,39.57
12,7.33,5.73,0.781,1,17,2.0,88,SJF,25.75,17.83,27.67,37.83
23,6.09,4.19,0.688,1,16,3.05,140,SJF,25.26,16.22,31.96,55.17
10,5.1,3.73,0.73,1,12,1.78,51,SJF,10.2,9.4,11.4,20.8
15,5.67,4.35,0.768,2,14,2.79,85,FCFS,15.67,14.87,19.47,29.73
27,5.93,4.56,0.769,2,16,1.19,160,SJF,69.26,39.15,75.63,100.48
17,4.76,4.13,0.867,2,17,3.88,81,SJF,22.47,13.47,24.59,42.88
6,6.0,4.29,0.715,3,12,2.2,36,FCFS,3.67,3.67,5.0,11.0
9,4.89,3.82,0.782,2,14,2.75,44,SJF,14.78,5.89,11.78,29.56
21,6.24,4.55,0.729,2,15,2.65,131,SJF,44.05,23.62,37.1,75.0
6,6.33,5.5,0.869,2,17,2.8,38,SJF,5.0,4.0,8.67,14.33
22,5.95,4.55,0.764,2,15,1.57,131,SJF,44.14,21.68,41.09,63.64
27,7.37,5.61,0.761,1,18,1.38,199,SJF,66.85,41.26,67.26,104.81
5,6.0,4.3,0.717,2,12,2.0,30,FCFS,6.4,6.4,6.8,12.2
20,6.5,4.81,0.74,1,17,3.0,130,SJF,22.95,16.85,24.8,53.1
28,4.64,3.36,0.723,1,15,2.7,130,SJF,27.64,17.43,30.71,77.25
9,7.0,5.29,0.756,2,15,1.5,63,SJF,30.67,14.89,28.89,38.56
19,8.05,5.3,0.658,3,21,1.22,153,SJF,61.47,37.26,64.0,92.68
5,6.8,6.38,0.938,2,16,1.25,34,SJF,4.8,3.8,5.4,10.4
22,6.32,5.18,0.819,1,17,0.86,139,SJF,65.95,32.32,61.18,87.09
24,7.33,5.28,0.72,1,20,2.87,176,SJF,57.96,32.0,57.92,87.54
21,5.19,3.87,0.745,1,13,1.35,109,SJF,31.48,19.33,39.9,55.95
26,6.62,5.31,0.802,1,17,2.2,172,SJF,60.81,33.04,62.5,95.88
10,7.2,5.12,0.711,1,17,3.11,72,SJF,20.6,11.1,18.9,31.7
23,4.96,4.7,0.947,1,18,0.86,114,SJF,55.74,22.87,50.91,76.87
12,6.0,5.29,0.882,1,15,1.18,72,SJF,24.67,22.08,25.33,35.75
25,7.0,5.38,0.768,1,18,1.29,175,SJF,58.0,40.08,65.6,88.04
6,4.67,1.86,0.399,3,8,3.2,28,Priority,3.83,3.0,3.0,18.5
23,5.17,3.87,0.748,2,14,2.27,119,SJF,31.22,18.7,30.74,57.74
21,5.1,3.9,0.765,1,15,3.0,107,SJF,24.67,14.29,15.71,42.33
6,4.17,3.54,0.851,2,11,2.2,25,SJF,5.17,2.33,5.67,9.17
25,4.4,4.05,0.921,1,17,1.04,110,SJF,37.92,29.8,48.36,67.64
14,6.0,4.04,0.673,2,12,1.38,84,SJF,26.36,16.21,29.07,42.07
16,6.94,4.43,0.639,2,15,1.2,111,SJF,48.5,26.19,44.12,76.62
13,6.77,5.33,0.787,2,17,2.0,88,SJF,31.54,18.38,26.31,47.38
22,7.27,5.57,0.765,2,18,3.14,160,SJF,38.55,25.14,42.23,64.18
26,5.54,3.7,0.668,1,14,1.92,144,SJF,51.62,26.04,48.81,90.35
24,4.21,3.23,0.768,1,13,3.3,101,SJF,9.83,6.04,13.54,39.71
13,6.54,4.39,0.671,1,15,2.42,85,SJF,30.38,17.31,21.46,57.69
27,6.07,4.3,0.709,2,19,2.15,164,SJF,55.26,30.89,45.26,90.19
9,5.67,5.43,0.958,2,17,3.75,51,SJF,6.0,4.44,4.44,14.11
8,7.25,5.28,0.729,1,14,1.57,58,SJF,17.0,14.88,21.0,29.25
5,2.8,1.1,0.391,1,4,4.0,14,FCFS,0.2,0.2,0.2,6.6
29,5.17,4.07,0.787,1,15,1.32,150,SJF,53.72,28.76,57.21,87.41
19,6.05,4.95,0.818,2,16,2.22,115,SJF,19.89,15.26,30.53,40.21
8,5.62,4.14,0.736,2,14,3.0,45,SJF,8.88,7.0,11.12,23.25
6,2.5,1.38,0.551,1,4,3.2,15,FCFS,0.17,0.17,0.17,6.17
27,5.89,4.59,0.78,1,17,1.77,159,SJF,50.59,28.59,57.52,90.15
15,5.6,4.84,0.864,1,17,1.43,84,SJF,36.33,22.47,33.4,44.87
23,4.52,3.64,0.805,1,14,2.45,104,SJF,27.74,15.22,32.04,63.7
21,6.29,4.56,0.726,2,15,1.5,132,SJF,40.52,26.14,41.05,70.0
23,4.3,3.4,0.791,1,15,1.27,99,SJF,29.0,17.61,30.65,56.22
12,7.08,5.78,0.815,1,18,0.91,85,SJF,25.25,17.75,27.17,39.58
6,3.0,0.89,0.298,2,4,3.4,18,FCFS,1.33,1.33,1.33,6.5
9,8.11,4.96,0.612,1,14,2.88,73,SJF,19.78,17.44,23.67,39.89
6,3.5,0.84,0.239,2,4,1.6,21,FCFS,2.83,2.83,2.83,10.17
24,4.33,3.62,0.835,1,14,2.48,104,SJF,17.79,8.5,19.58,36.75
21,6.05,4.5,0.744,1,16,2.65,127,SJF,27.33,17.48,34.38,53.71
11,8.0,7.06,0.882,2,19,2.7,88,SJF,22.82,13.91,19.45,35.18
20,4.95,4.54,0.916,1,15,3.95,99,SJF,13.05,8.3,18.6,36.05
6,7.83,5.98,0.763,2,16,2.0,47,SJF,11.0,10.5,11.83,20.67
23,6.3,4.94,0.784,1,16,1.73,145,SJF,47.7,29.83,54.39,85.57
6,6.33,6.77,1.069,1,16,1.6,38,SJF,15.67,10.67,20.33,15.67
29,5.38,4.22,0.785,1,14,1.93,156,SJF,45.03,29.76,59.14,81.41
17,4.18,3.19,0.763,1,13,1.56,71,SJF,20.12,13.59,22.29,44.35
17,5.71,4.93,0.865,2,16,2.56,97,SJF,22.59,14.88,20.0,37.94
22,6.41,4.54,0.709,1,14,2.29,141,SJF,35.5,21.59,41.64,69.14
9,6.11,5.67,0.927,2,17,1.5,55,SJF,12.11,8.0,15.0,21.67
30,4.93,4.21,0.853,1,17,1.34,148,SJF,48.6,24.9,48.53,89.43
15,6.2,5.52,0.89,1,16,1.86,93,SJF,29.6,17.73,26.4,40.8
20,4.4,3.73,0.848,1,13,4.47,88,Priority,4.45,4.15,4.25,27.9
13,7.0,4.67,0.668,2,14,1.92,91,SJF,31.85,19.92,24.54,46.77
11,5.45,5.28,0.968,2,17,1.9,60,SJF,19.09,8.64,26.82,27.09
12,7.0,5.59,0.799,2,17,2.27,84,SJF,31.67,16.42,30.08,45.0
19,6.58,4.55,0.692,1,15,1.61,125,SJF,43.74,25.63,37.89,71.16
17,6.41,4.35,0.678,2,14,1.69,109,SJF,27.35,19.18,27.12,57.65
19,5.68,4.64,0.817,2,18,2.0,108,SJF,29.68,18.95,26.68,44.05
16,4.81,4.26,0.886,1,18,5.6,77,FCFS,5.38,4.56,6.31,17.25
27,6.19,4.69,0.758,1,14,1.58,167,SJF,51.74,33.37,62.63,88.93
10,5.5,4.28,0.777,1,14,1.89,55,SJF,16.9,11.3,17.4,30.0
17,6.82,5.16,0.757,2,17,1.44,116,SJF,55.53,26.94,39.18,75.94
21,4.52,3.5,0.774,1,11,1.65,95,SJF,34.62,17.81,31.9,61.14
25,6.68,4.6,0.688,2,15,3.38,167,SJF,40.44,25.56,50.76,77.04
12,4.33,2.57,0.593,2,12,1.55,52,SJF,12.42,9.5,12.83,33.92
14,8.07,5.36,0.664,2,17,3.85,113,SJF,26.43,16.36,27.5,47.0
12,4.25,4.27,1.004,1,15,6.55,51,SJF,5.92,5.58,6.08,8.83
12,4.25,3.14,0.738,1,13,2.0,51,SJF,20.75,10.83,14.75,37.33
16,6.75,4.49,0.666,2,16,1.4,108,SJF,34.81,25.44,39.19,68.75
26,4.73,4.1,0.868,1,15,4.4,123,SJF,13.42,8.23,16.73,39.92
9,6.78,5.93,0.875,1,15,3.62,61,SJF,10.44,8.44,12.44,22.33
5,2.6,0.55,0.211,2,3,4.25,13,FCFS,1.4,1.4,1.4,9.8
7,6.71,5.5,0.819,3,18,1.17,47,SJF,22.43,9.71,16.14,34.29
16,4.12,2.99,0.724,2,10,3.47,66,SJF,6.88,4.69,7.81,19.44
23,3.91,2.97,0.759,1,12,1.18,90,SJF,26.57,18.35,29.83,55.13
20,6.6,4.22,0.64,2,17,2.42,132,SJF,33.75,23.75,39.15,70.45
30,5.8,4.6,0.793,1,17,2.07,174,SJF,48.63,27.07,45.0,84.33
16,7.19,5.04,0.701,1,15,5.4,115,SJF,21.88,11.81,26.25,41.94
30,6.07,4.5,0.742,2,16,4.34,182,SJF,33.63,18.57,39.63,74.7
29,6.1,4.65,0.763,2,17,2.21,177,SJF,60.62,29.48,59.17,98.79
5,6.2,5.36,0.864,1,12,1.75,31,FCFS,3.0,3.0,5.2,9.2
18,5.0,3.9,0.779,2,12,2.29,90,SJF,25.56,14.11,27.72,49.17
16,4.88,3.63,0.745,2,15,4.07,78,FCFS,15.25,11.69,15.44,43.56
22,6.77,5.08,0.75,1,17,2.62,149,SJF,39.82,27.68,35.95,72.27
30,6.6,4.07,0.617,2,14,1.38,198,SJF,74.7,48.0,76.87,135.0
19,5.84,4.75,0.813,2,19,1.28,111,SJF,34.68,22.95,44.89,59.21
29,3.9,3.07,0.789,2,15,2.32,113,SJF,31.21,14.76,27.66,59.97
20,5.6,4.38,0.782,1,16,1.63,112,SJF,41.05,20.5,41.9,62.8
18,5.89,5.04,0.856,2,15,2.35,106,SJF,38.83,18.94,39.5,56.89
18,6.83,5.12,0.75,1,16,1.82,123,SJF,41.5,25.78,49.56,65.83
9,6.89,4.28,0.622,3,13,1.88,62,SJF,17.89,14.11,20.89,34.22
30,4.33,3.64,0.84,1,14,1.55,130,SJF,33.23,19.93,36.93,74.97
9,3.44,0.53,0.153,3,4,1.38,31,FCFS,8.78,8.22,8.33,26.11
12,5.17,3.04,0.588,2,11,3.64,62,SJF,12.08,6.92,11.83,23.67
11,4.64,3.11,0.67,2,12,2.5,51,Priority,7.64,4.45,4.73,22.09
30,3.9,2.99,0.766,1,13,3.38,117,SJF,9.37,6.6,9.3,35.6
20,7.9,5.76,0.729,2,19,1.63,158,SJF,76.85,35.95,74.85,93.05
14,4.29,3.83,0.894,2,13,1.0,60,SJF,26.21,17.93,30.86,38.0
30,5.2,4.71,0.905,1,21,1.86,156,SJF,55.87,29.53,60.77,85.33
14,7.29,5.24,0.719,1,14,3.0,102,SJF,26.5,19.93,25.57,45.43
13,7.69,5.01,0.651,2,18,2.0,100,SJF,31.92,21.08,31.69,54.69
23,5.09,3.82,0.752,1,14,2.27,117,SJF,32.04,17.13,33.17,58.26
27,6.0,4.55,0.758,1,15,3.0,162,SJF,32.59,17.59,46.56,65.44
21,6.76,4.85,0.717,2,16,4.15,142,SJF,22.29,13.95,19.62,56.71
8,5.12,4.49,0.875,2,16,3.29,41,SJF,5.62,2.75,5.88,10.75
20,5.5,4.83,0.878,2,17,1.47,110,SJF,41.25,29.75,43.6,64.8
20,6.05,5.0,0.826,1,17,1.21,121,SJF,41.1,22.3,39.45,62.65
28,5.25,4.66,0.887,1,20,1.41,147,SJF,51.82,26.0,50.11,74.5
6,6.17,4.58,0.743,2,12,4.2,37,SJF,6.83,5.33,8.0,15.67
8,8.0,4.78,0.598,3,15,2.14,64,SJF,25.25,15.5,19.5,40.25
27,7.93,5.28,0.667,2,18,2.5,214,SJF,71.89,39.74,64.85,115.78
19,5.37,4.44,0.827,2,16,2.11,102,SJF,29.21,15.58,29.53,46.42
26,6.77,4.58,0.677,1,15,2.08,176,SJF,46.12,31.62,49.73,98.35
18,6.22,5.12,0.822,1,16,3.24,112,SJF,29.0,15.06,20.89,54.44
10,3.8,3.97,1.044,2,15,1.56,38,SJF,5.2,3.7,9.0,15.4
9,6.22,5.74,0.922,2,15,3.38,56,SJF,14.44,9.78,15.22,22.11
21,6.48,4.51,0.697,2,16,1.9,136,SJF,40.9,28.14,58.05,79.14
22,4.95,4.64,0.937,1,16,1.52,109,SJF,48.09,23.64,40.68,72.64
29,5.21,4.07,0.781,1,15,1.18,151,SJF,57.59,29.31,48.31,86.48
14,6.71,5.92,0.881,1,19,2.23,94,SJF,36.29,17.21,38.64,58.21
17,5.88,3.55,0.604,2,12,1.31,100,SJF,33.18,23.35,35.18,57.12
30,6.33,4.87,0.768,2,17,1.28,190,SJF,75.67,39.5,84.17,110.33
6,5.17,3.06,0.592,3,10,1.8,31,SJF,9.67,6.0,10.83,16.67
15,10.07,6.25,0.621,2,21,1.71,151,SJF,73.33,40.13,73.0,102.67
15,6.8,4.59,0.674,2,15,1.57,102,SJF,42.2,21.87,36.07,63.53
26,4.77,3.78,0.792,1,15,2.96,124,SJF,20.08,10.88,19.0,45.73
6,7.83,4.12,0.526,3,12,1.0,47,SJF,16.17,12.83,13.67,28.0
9,3.22,1.99,0.616,1,8,1.12,29,SJF,7.56,5.0,8.11,18.11
21,6.19,5.19,0.839,1,18,2.25,130,SJF,42.05,22.05,49.19,69.52
29,4.9,3.95,0.807,1,16,2.07,142,SJF,37.59,19.52,34.34,81.03
28,6.93,5.39,0.779,1,18,1.96,194,SJF,68.82,40.89,69.21,112.71
15,7.2,5.41,0.752,2,16,2.64,108,SJF,34.47,20.0,28.07,51.33
25,7.64,5.5,0.72,1,18,3.33,191,SJF,65.28,32.08,50.4,103.08
15,6.87,5.87,0.854,1,17,2.93,103,SJF,19.4,12.0,16.47,39.67
14,4.71,3.52,0.746,2,14,3.77,66,SJF,9.21,6.64,8.43,23.86
8,2.5,1.07,0.428,1,4,3.71,20,SJF,2.12,2.0,2.0,12.12
20,3.85,2.89,0.75,1,13,3.89,77,SJF,10.75,6.9,13.6,34.5
10,4.0,4.37,1.093,1,16,2.56,40,SJF,4.6,3.0,5.8,16.9
14,4.07,2.64,0.65,1,11,1.85,57,SJF,13.64,9.43,16.14,35.71
15,5.8,4.21,0.726,2,16,0.93,87,SJF,33.6,22.73,34.13,49.93
7,4.57,4.2,0.918,1,13,1.67,32,SJF,9.43,4.0,7.71,14.0
8,4.88,3.6,0.739,2,13,1.29,39,SJF,15.88,8.5,12.0,26.75
26,5.38,3.41,0.633,2,13,2.08,140,SJF,35.58,21.62,40.5,68.46
29,6.28,4.77,0.759,2,17,4.29,182,FCFS,29.62,15.62,24.41,68.69
28,4.89,4.08,0.833,2,17,2.3,137,SJF,25.57,15.04,31.25,65.0
24,4.92,3.86,0.784,1,15,1.22,118,SJF,45.79,25.92,42.92,82.42
11,4.27,3.55,0.831,2,14,3.1,47,SJF,8.82,7.73,9.91,17.09
9,3.67,3.24,0.884,1,12,1.25,33,SJF,9.56,4.33,6.67,16.89
11,5.73,5.22,0.911,1,14,1.1,63,SJF,10.82,9.55,26.45,25.82
27,5.48,3.95,0.72,2,15,2.15,148,SJF,36.26,23.89,42.93,69.26
18,7.22,5.46,0.756,1,16,3.59,130,SJF,25.89,15.39,37.39,48.72
23,3.61,2.78,0.769,1,13,1.41,83,SJF,24.83,16.39,25.57,52.78
13,9.62,5.87,0.61,1,19,3.25,125,SJF,34.62,30.31,41.85,61.92
12,6.25,4.54,0.726,2,13,1.18,75,SJF,31.33,20.58,31.33,46.58
13,6.0,4.83,0.805,2,14,2.42,78,SJF,19.08,11.46,21.15,33.0
15,6.4,4.91,0.767,1,15,1.57,96,SJF,34.67,19.47,35.93,56.07
10,6.2,4.83,0.778,2,16,1.33,62,SJF,23.5,10.8,17.4,35.6
5,5.2,5.07,0.975,1,14,2.0,26,SJF,6.0,3.2,5.8,11.2
15,4.07,2.76,0.68,2,12,3.64,61,FCFS,9.47,8.33,9.27,28.87
26,4.19,2.21,0.527,2,11,4.36,109,FCFS,7.12,6.81,7.58,37.31
21,5.62,4.97,0.885,1,17,1.8,118,SJF,37.67,17.1,31.38,57.57
28,7.18,4.85,0.675,2,16,4.74,201,SJF,60.04,29.64,49.5,96.64
5,4.8,3.9,0.812,1,9,1.25,24,SJF,9.6,3.8,7.0,15.6
7,7.57,5.19,0.686,2,14,3.67,53,SJF,10.86,7.71,14.43,22.14
17,5.35,3.55,0.664,1,14,5.06,91,FCFS,3.71,2.65,3.88,16.53
22,7.14,4.69,0.658,2,16,2.76,157,SJF,51.77,26.64,46.45,77.68
10,4.1,3.73,0.909,1,13,2.44,41,FCFS,3.5,3.1,3.9,16.2
17,7.35,5.93,0.806,2,20,1.62,125,SJF,38.71,25.47,42.53,59.41
21,5.0,3.95,0.79,2,16,1.7,105,SJF,34.14,18.05,32.48,62.57
28,5.93,4.48,0.756,1,17,1.78,166,SJF,60.61,30.93,64.89,93.54
12,3.5,2.61,0.746,1,11,2.45,42,SJF,8.92,7.5,8.5,22.08
19,6.63,4.75,0.717,2,16,1.5,126,SJF,47.89,28.11,45.26,77.84
29,5.0,3.89,0.778,2,16,1.14,145,SJF,58.21,29.59,47.0,99.17
25,6.36,5.32,0.837,2,19,3.17,159,SJF,27.32,16.96,40.12,55.8
16,5.88,4.73,0.805,1,17,1.47,94,SJF,34.12,17.81,22.38,52.44
11,5.27,4.0,0.759,2,15,4.1,58,SJF,11.36,8.91,12.27,20.36
28,6.36,5.31,0.835,1,20,4.44,178,SJF,48.86,19.0,41.82,86.43
21,5.95,4.57,0.767,2,19,2.35,125,SJF,34.33,20.62,34.0,59.9
17,7.06,4.67,0.662,2,14,1.88,120,SJF,35.94,25.94,39.18,66.0
26,7.19,4.98,0.692,2,17,2.44,187,SJF,69.19,37.23,70.77,102.73
9,5.78,4.24,0.733,2,12,4.38,52,Priority,7.67,6.44,7.11,15.78
27,5.44,5.02,0.922,1,17,1.73,147,SJF,51.56,23.52,47.15,69.04
12,3.58,2.19,0.612,1,10,1.27,43,SJF,13.75,8.58,12.83,29.0
11,6.91,4.89,0.707,1,13,1.2,76,SJF,32.45,21.27,28.09,50.45
24,5.5,5.25,0.955,1,17,2.0,132,SJF,33.54,17.83,32.67,59.08
16,6.94,5.17,0.745,2,15,2.53,111,SJF,22.12,15.62,22.25,48.31
20,4.7,4.13,0.879,1,16,1.21,94,SJF,34.7,17.4,39.35,58.95
17,6.18,5.2,0.842,1,15,1.81,105,SJF,33.41,20.47,38.76,52.82
29,5.31,4.42,0.832,1,15,3.57,154,FCFS,20.66,13.31,27.03,52.69
26,5.65,4.45,0.788,1,17,1.88,147,SJF,49.77,28.85,62.0,81.27
25,5.8,4.94,0.852,1,16,3.79,145,Priority,29.24,12.88,21.68,59.24
6,8.17,5.74,0.703,2,14,2.0,49,SJF,21.17,12.67,18.5,27.83
15,4.8,3.99,0.83,2,14,1.0,72,SJF,35.2,16.2,35.2,54.2
9,3.33,1.94,0.581,2,8,6.88,30,FCFS,1.0,1.0,2.0,4.11
9,6.56,4.67,0.712,2,14,1.25,59,SJF,21.0,13.44,20.89,30.0
20,5.9,4.85,0.823,1,18,1.53,118,SJF,43.6,21.4,40.35,62.9
8,10.62,4.93,0.464,3,17,1.0,85,SJF,35.75,26.12,38.5,63.0
24,5.46,4.22,0.773,1,14,2.0,131,SJF,33.67,21.62,32.08,61.12
8,4.62,4.24,0.917,2,15,3.57,37,FCFS,7.75,7.75,8.12,16.5
20,5.8,5.33,0.918,1,17,2.58,116,SJF,31.8,17.55,22.1,47.35
5,3.4,1.14,0.335,2,5,2.0,17,SJF,2.4,1.8,2.4,9.4
23,6.3,4.99,0.791,1,16,1.73,145,SJF,65.48,31.83,58.04,93.0
12,4.17,3.16,0.758,1,12,1.36,50,SJF,13.08,9.25,15.0,32.75
7,2.57,0.79,0.306,2,4,1.83,18,Priority,3.43,3.43,3.0,18.86
24,5.17,3.69,0.714,2,14,2.96,124,SJF,27.25,14.62,29.5,50.08
29,5.28,4.43,0.84,1,16,1.61,153,SJF,50.45,24.45,54.62,74.07
30,6.27,5.12,0.817,1,18,5.07,188,SJF,22.6,11.9,27.63,58.43
20,6.1,4.28,0.701,1,15,2.63,122,SJF,31.2,19.0,32.1,57.2
24,8.33,5.89,0.707,2,18,3.39,200,SJF,47.62,30.42,46.92,85.71
27,4.59,4.3,0.936,1,19,1.88,124,SJF,38.52,15.0,43.89,67.11
16,5.38,5.58,1.039,2,20,1.53,86,SJF,24.69,13.94,25.5,33.5
14,5.43,5.18,0.955,1,19,2.92,76,SJF,17.14,11.71,21.36,26.29
20,8.0,5.93,0.741,1,20,1.79,160,SJF,51.9,34.4,64.3,84.55
13,6.31,5.54,0.879,2,18,1.25,82,SJF,30.92,18.46,33.62,44.15
24,5.96,5.37,0.901,2,18,3.04,143,SJF,52.58,22.71,43.54,69.88
10,5.3,5.14,0.97,1,16,1.78,53,SJF,19.9,10.5,15.3,23.9
14,9.07,5.15,0.568,2,16,1.46,127,SJF,55.14,37.29,56.79,86.71
22,6.5,4.66,0.717,1,16,2.67,143,SJF,37.5,22.77,32.45,70.73
9,6.44,5.22,0.81,2,14,0.75,58,SJF,22.0,11.89,17.22,30.22
20,7.8,6.65,0.853,1,18,2.05,156,SJF,62.25,33.5,45.65,77.85
15,3.87,3.48,0.9,1,14,3.14,58,SJF,15.53,6.4,17.6,31.27
10,6.3,4.16,0.661,2,12,1.44,63,SJF,22.2,18.0,27.7,38.1
11,6.73,4.65,0.691,2,13,1.2,74,SJF,33.18,20.0,36.09,49.27
29,6.14,4.66,0.759,1,17,2.75,178,SJF,49.24,26.07,58.48,92.93
10,5.9,4.93,0.836,2,16,4.33,59,SJF,7.1,4.3,4.3,15.3
17,6.53,4.57,0.7,1,16,1.94,111,SJF,38.29,22.76,39.88,68.41
8,2.88,1.13,0.392,1,4,8.86,23,SJF,0.75,0.5,0.5,4.0
7,8.86,5.21,0.588,3,14,2.0,62,SJF,16.57,14.86,21.0,32.14
6,7.67,6.15,0.803,2,16,3.2,46,SJF,19.83,8.17,18.5,27.17
11,4.36,4.48,1.026,1,15,3.4,48,SJF,5.64,2.91,5.55,14.55
26,6.19,4.5,0.727,1,16,1.8,161,SJF,54.35,30.35,50.5,87.35
9,4.0,2.6,0.65,2,9,4.5,36,FCFS,2.78,2.78,3.33,9.56
30,7.33,5.79,0.79,1,18,3.59,220,SJF,54.37,31.7,50.7,89.07
10,6.5,4.81,0.74,2,15,1.11,65,SJF,22.6,13.0,19.7,34.4
28,5.57,4.43,0.794,1,17,2.56,156,SJF,38.82,20.18,32.86,75.79
27,4.74,3.94,0.831,2,17,2.15,128,SJF,45.96,27.59,45.33,83.74
8,7.25,4.46,0.616,3,14,2.29,58,SJF,16.12,11.38,22.0,28.38
12,4.42,4.66,1.055,2,19,1.27,53,SJF,15.25,10.33,12.5,31.0
24,4.96,3.93,0.792,1,13,1.7,119,SJF,39.04,18.0,34.38,69.71
19,4.84,3.44,0.71,2,14,3.78,92,FCFS,9.74,6.47,13.26,38.63
7,6.14,6.2,1.01,2,17,4.0,43,SJF,6.43,5.0,6.43,10.0
16,7.19,5.01,0.697,2,15,2.73,115,SJF,43.5,21.56,39.94,65.5
16,3.75,2.7,0.719,1,12,2.33,60,SJF,12.19,8.06,11.44,33.88
12,4.08,3.0,0.734,2,13,3.45,49,SJF,4.83,3.75,5.17,14.25
23,6.0,4.27,0.712,1,14,1.86,138,SJF,41.39,22.61,43.3,68.83
8,6.38,5.42,0.851,2,15,2.14,51,SJF,18.0,9.38,18.88,25.5
23,6.26,5.05,0.806,1,15,1.36,144,SJF,54.7,27.35,40.17,82.74
26,4.85,4.48,0.924,1,16,1.8,126,SJF,36.65,14.77,40.42,64.85
17,5.41,4.06,0.751,2,13,4.81,92,SJF,11.59,6.88,12.35,29.65
8,5.5,3.66,0.666,2,11,4.86,44,SJF,3.5,2.62,3.38,12.25
27,5.93,4.83,0.815,1,18,1.58,160,SJF,52.37,27.78,55.56,89.07
6,3.17,0.75,0.238,2,4,3.6,19,FCFS,1.67,1.67,2.17,5.33
6,4.83,3.66,0.756,2,12,2.2,29,SJF,9.0,8.5,9.0,14.83
17,7.24,4.76,0.658,1,14,2.0,123,SJF,40.18,28.47,39.94,74.06
5,3.0,0.71,0.236,2,4,2.5,15,FCFS,0.8,0.8,0.8,6.8
19,5.74,4.83,0.842,2,16,1.17,109,SJF,35.32,20.84,50.53,53.53
11,4.55,3.3,0.725,2,12,1.6,50,SJF,15.73,9.09,13.91,31.0
25,6.04,4.88,0.808,1,16,1.12,151,SJF,64.28,33.96,55.48,90.2
26,4.46,3.85,0.863,1,16,1.84,116,SJF,32.5,17.35,37.5,64.69
14,5.57,4.89,0.878,2,15,1.62,78,SJF,21.0,11.71,21.93,29.71
10,6.4,4.9,0.766,2,14,2.56,64,SJF,18.8,11.8,18.4,30.1
26,6.27,5.15,0.822,1,18,4.88,163,SJF,35.23,16.81,28.81,73.65
30,5.2,4.08,0.785,1,14,1.97,156,SJF,43.83,27.07,40.87,68.83
10,5.7,3.53,0.619,2,11,2.33,57,SJF,11.7,9.8,11.0,28.5
25,4.84,4.84,1.001,1,20,3.54,121,SJF,24.68,14.28,28.16,52.96
29,5.0,4.09,0.818,1,17,3.71,145,SJF,31.03,16.17,32.41,75.79
6,10.17,7.47,0.735,1,21,2.2,61,SJF,17.0,11.67,17.5,28.5
15,6.2,5.14,0.83,1,16,3.79,93,SJF,25.07,12.0,26.4,38.47
15,7.4,5.8,0.784,2,18,4.86,111,SJF,18.73,11.4,25.33,32.73
15,3.53,2.07,0.585,2,10,3.21,53,FCFS,5.8,4.73,6.53,14.87
7,7.14,3.89,0.545,3,11,1.33,50,SJF,19.71,13.71,19.0,33.0
7,3.29,1.7,0.519,2,7,1.0,23,SJF,6.71,5.43,7.14,16.29
29,6.14,5.17,0.843,1,18,2.32,178,SJF,50.17,25.07,51.1,85.0
29,4.86,3.72,0.765,1,16,1.43,141,SJF,52.31,37.24,53.31,98.76
5,6.0,5.43,0.905,1,14,1.0,30,SJF,10.4,6.8,10.0,15.8
23,5.09,3.55,0.699,1,15,3.27,117,SJF,26.74,16.52,25.52,44.61
20,4.95,4.05,0.817,1,15,2.63,99,SJF,22.7,11.15,27.4,44.05
17,6.41,4.66,0.727,1,14,1.06,109,SJF,45.41,25.88,46.47,67.06
27,4.67,3.51,0.752,1,14,1.62,126,SJF,37.04,20.0,40.22,79.93
5,8.0,6.32,0.791,1,17,1.5,40,SJF,15.8,8.0,20.8,22.0
23,5.52,4.63,0.839,1,16,2.82,127,SJF,26.13,12.52,28.3,49.61
9,5.78,6.42,1.111,1,20,2.25,52,SJF,12.22,5.56,7.22,15.67
14,3.86,3.94,1.021,1,17,2.46,54,Priority,5.21,3.93,5.14,22.57
17,9.65,5.95,0.616,2,19,2.56,164,SJF,48.76,36.18,57.06,80.88
16,6.81,5.28,0.775,1,15,1.13,109,SJF,32.06,23.31,32.5,63.75
26,4.08,2.81,0.69,2,13,2.08,106,SJF,25.08,13.42,26.35,60.42
15,6.6,4.75,0.719,1,14,2.14,99,SJF,29.6,19.6,34.13,54.93
23,5.39,4.27,0.792,1,14,2.27,124,SJF,26.17,14.26,24.91,46.48
30,7.03,4.92,0.699,2,15,4.34,211,SJF,46.53,26.63,47.27,75.7
27,5.15,3.85,0.748,1,14,1.19,139,SJF,48.41,35.56,47.22,84.63
14,8.29,6.84,0.826,2,20,5.15,116,FCFS,20.93,17.29,26.14,40.5
26,5.54,3.99,0.721,1,12,1.88,144,SJF,28.19,21.38,35.92,65.19
21,6.29,5.29,0.842,2,19,2.45,132,SJF,33.62,18.71,35.24,51.48
9,9.78,5.31,0.543,2,15,1.5,88,SJF,38.33,26.11,36.0,61.67
28,7.57,5.63,0.744,1,20,4.67,212,SJF,38.82,22.0,34.04,74.25
16,7.31,4.63,0.633,1,14,4.6,117,SJF,22.62,13.44,24.81,42.31
9,5.56,4.53,0.816,2,14,1.5,50,SJF,15.89,10.11,16.89,24.44
14,5.5,4.7,0.855,1,16,1.69,77,SJF,24.64,11.93,29.07,37.86
11,3.73,2.37,0.636,1,10,1.2,41,SJF,15.18,7.82,11.45,28.27
12,5.58,4.27,0.765,1,14,1.82,67,SJF,26.5,15.42,30.33,39.25
12,5.58,4.14,0.742,2,14,1.91,67,SJF,16.33,10.08,16.33,31.17
10,4.8,4.76,0.991,1,15,2.11,48,SJF,20.7,12.9,21.9,27.9
13,5.15,4.45,0.864,2,16,0.67,67,SJF,26.85,16.46,37.92,38.15
28,6.29,4.63,0.737,1,16,1.7,176,SJF,69.14,36.68,55.79,104.96
30,6.53,5.05,0.773,1,17,2.52,196,SJF,54.73,28.47,52.3,97.1
14,7.0,4.82,0.689,2,15,1.38,98,SJF,30.93,21.0,34.86,49.43
21,4.33,3.45,0.797,1,14,1.65,91,SJF,26.81,16.0,28.14,52.33
5,8.4,7.67,0.913,2,20,0.75,42,SJF,17.2,6.0,15.6,19.2
9,2.67,1.0,0.375,1,4,1.88,24,FCFS,6.33,5.33,6.78,24.0
16,4.69,3.61,0.77,2,14,2.07,75,SJF,22.81,10.75,17.94,52.44
28,3.32,1.89,0.568,1,10,2.48,93,FCFS,9.71,7.32,8.93,44.82
20,5.6,4.98,0.889,1,19,1.95,112,SJF,39.1,23.3,40.5,54.35
14,7.21,5.16,0.715,2,16,1.62,101,SJF,37.07,25.14,44.57,56.86
25,6.08,4.64,0.763,1,15,1.96,152,SJF,47.64,24.64,41.96,83.8
15,4.53,3.09,0.682,1,11,3.71,68,SJF,10.27,6.0,7.53,20.73
8,6.12,5.84,0.954,2,16,2.57,49,SJF,4.25,4.12,4.38,14.25
18,5.94,4.4,0.74,2,16,3.35,107,SJF,24.78,14.0,27.5,46.61
18,5.72,4.65,0.813,1,14,1.41,103,SJF,37.44,16.83,38.67,54.17
11,7.36,5.7,0.774,2,17,3.8,81,SJF,15.0,9.55,17.82,27.36
21,6.1,5.82,0.955,1,18,1.35,128,SJF,46.33,24.95,49.57,62.33
21,5.43,3.97,0.731,2,14,2.85,114,SJF,30.29,17.1,33.29,59.48
14,5.79,3.89,0.672,2,12,7.31,81,SJF,7.79,7.07,7.29,16.14
30,4.63,3.92,0.845,1,16,4.03,139,SJF,16.43,8.5,13.27,49.9
6,4.67,3.67,0.786,2,12,2.2,28,SJF,5.83,3.0,6.0,12.83
10,6.2,4.44,0.716,2,16,4.89,62,SJF,3.1,2.3,2.3,14.3
10,2.5,0.53,0.211,2,3,0.89,25,FCFS,7.5,7.2,7.9,28.5
18,5.61,5.11,0.911,1,17,1.71,101,SJF,38.39,17.78,37.56,49.44
15,3.87,2.8,0.724,1,12,4.86,58,SJF,7.8,4.87,6.2,15.73
18,4.0,2.7,0.675,1,10,3.59,72,SJF,11.0,6.83,11.33,33.78
8,6.0,5.95,0.992,1,17,2.43,48,SJF,10.25,4.38,9.0,18.88
19,6.11,5.05,0.828,2,17,1.0,116,SJF,56.79,24.11,46.37,67.0
15,3.0,0.76,0.252,2,4,4.07,45,FCFS,2.73,2.73,2.8,9.33
5,6.4,3.44,0.537,3,11,2.0,32,SJF,8.6,5.0,7.2,16.8
6,11.0,4.86,0.442,3,16,2.6,66,SJF,18.67,15.5,22.67,35.17
18,4.44,3.43,0.773,1,15,3.0,80,SJF,19.0,9.17,11.44,44.33
11,6.18,4.49,0.726,2,15,3.5,68,SJF,22.73,10.0,19.82,36.55
29,5.0,3.91,0.782,1,14,1.43,145,SJF,52.48,24.97,57.07,87.62
10,6.4,4.17,0.651,2,13,1.56,64,SJF,16.4,12.3,17.6,32.2
12,6.5,4.34,0.667,2,17,1.36,78,SJF,24.5,15.25,26.5,45.0
17,6.12,4.26,0.696,1,14,2.62,104,SJF,28.65,16.47,29.59,56.94
25,6.52,5.03,0.772,1,18,1.54,163,SJF,63.72,32.36,67.48,106.96
26,6.31,5.0,0.793,2,17,1.16,164,SJF,71.54,37.12,69.77,97.38
26,4.96,4.31,0.869,1,18,1.48,129,SJF,39.92,23.62,54.77,75.62
18,5.72,4.98,0.87,2,17,1.47,103,SJF,41.11,19.44,42.11,55.0
21,3.95,2.62,0.662,1,11,2.55,83,SJF,13.67,9.52,13.67,44.1
26,5.73,4.34,0.757,1,15,1.4,149,SJF,55.42,31.38,68.65,87.23
9,6.56,5.25,0.8,2,15,2.62,59,SJF,11.22,8.67,16.33,20.67
19,4.53,3.99,0.882,1,17,2.17,86,SJF,26.32,12.53,27.0,53.0
9,4.22,3.6,0.852,1,12,0.62,38,SJF,12.67,7.33,11.11,22.22
18,7.39,5.44,0.736,2,20,3.53,133,SJF,32.11,20.67,27.06,54.67
25,5.16,4.86,0.942,2,20,1.29,129,SJF,59.64,23.52,53.28,71.4
13,5.23,4.4,0.841,1,14,2.75,68,SJF,14.62,7.54,16.31,27.54
18,5.28,4.5,0.852,1,16,2.88,95,SJF,14.89,8.72,20.94,29.22
11,3.82,2.09,0.547,1,8,1.0,42,SJF,16.64,13.91,14.91,33.64
14,3.79,2.72,0.719,1,11,3.31,53,SJF,4.64,4.29,4.79,20.5
23,6.22,4.75,0.764,1,18,1.09,143,SJF,60.43,31.39,61.83,91.87
13,8.62,5.04,0.585,1,16,4.83,112,SJF,23.62,16.15,23.85,51.15
20,5.25,4.92,0.937,1,15,2.0,105,SJF,31.8,15.55,23.1,46.25
23,5.65,5.01,0.886,2,18,1.55,130,SJF,45.04,28.7,52.91,68.78
15,6.4,4.69,0.732,1,15,2.29,96,SJF,29.53,19.27,31.2,54.67
20,6.95,4.74,0.682,2,15,1.47,139,SJF,39.75,33.2,48.3,78.85
20,5.6,4.5,0.804,1,15,1.58,112,SJF,30.45,18.65,30.7,48.9
28,4.89,4.43,0.906,1,16,1.37,137,SJF,43.21,28.64,58.25,77.36
5,6.4,4.67,0.73,3,12,1.75,32,FCFS,7.6,7.6,9.4,13.0
5,7.0,4.58,0.655,3,12,1.0,35,SJF,13.8,7.4,14.0,16.4
12,3.92,2.68,0.684,2,12,2.64,47,FCFS,10.33,9.08,11.0,27.42
26,4.0,3.01,0.752,1,12,3.16,104,FCFS,11.15,8.42,14.85,41.54
18,6.11,5.09,0.832,2,17,4.76,110,SJF,15.11,11.5,17.94,33.72
13,8.46,5.33,0.63,1,16,0.83,110,SJF,56.62,35.0,40.46,76.15
16,6.75,4.58,0.679,2,14,4.53,108,SJF,18.5,13.62,20.75,43.56
16,7.5,4.41,0.588,2,14,0.93,120,SJF,53.94,36.5,52.12,87.31
10,7.3,4.32,0.592,2,14,3.0,73,SJF,18.2,12.9,17.9,34.5
28,5.11,3.86,0.756,1,17,2.0,143,SJF,52.57,23.61,42.07,86.43
7,9.29,5.5,0.592,2,17,1.67,65,SJF,23.29,20.71,27.29,40.0
28,4.61,3.9,0.847,1,15,1.07,129,SJF,52.57,26.14,51.36,88.57
19,6.84,5.3,0.775,1,18,1.78,130,SJF,60.68,29.89,46.95,88.32
11,5.91,5.52,0.934,1,15,4.1,65,SJF,18.18,11.09,20.45,30.64
12,6.25,5.22,0.836,2,16,1.45,75,SJF,26.25,12.25,25.75,40.0
10,7.4,4.65,0.628,2,14,3.56,74,SJF,16.2,10.3,11.5,30.2
15,3.87,3.52,0.911,1,16,4.93,58,SJF,2.93,1.93,2.07,15.53
7,6.0,4.55,0.758,3,14,1.33,42,SJF,10.86,7.14,10.86,19.71
5,4.6,3.44,0.747,2,10,0.5,23,SJF,9.0,4.4,6.8,13.8
21,6.48,6.01,0.929,1,20,1.45,136,SJF,50.29,23.05,38.52,66.67
11,6.36,4.95,0.777,2,15,1.5,70,SJF,23.45,14.0,23.55,36.82
21,4.05,2.89,0.714,1,15,1.55,85,SJF,23.9,13.33,25.57,53.29
29,6.0,4.5,0.749,2,16,1.61,174,SJF,62.59,34.07,54.24,97.59
17,5.06,3.68,0.728,2,14,0.81,86,SJF,33.71,21.41,29.18,52.0
22,7.0,5.34,0.762,2,16,3.52,154,Priority,44.64,21.14,29.41,67.32
6,4.67,3.67,0.786,2,12,3.2,28,SJF,9.5,6.0,8.67,16.17
12,5.17,4.37,0.845,2,14,0.73,62,SJF,25.83,19.67,25.92,38.75
9,5.22,5.04,0.966,1,14,9.12,47,Priority,1.67,1.67,1.56,3.11
18,6.17,4.66,0.755,2,15,4.53,111,SJF,24.06,11.94,19.11,48.11
17,5.88,4.9,0.833,1,16,1.75,100,SJF,32.94,17.71,42.35,52.0
26,4.58,3.84,0.839,1,14,2.12,119,SJF,35.62,18.5,35.58,69.81
5,4.2,3.96,0.943,1,11,1.5,21,SJF,5.0,1.8,1.8,7.6
27,5.33,4.39,0.824,1,16,3.88,144,FCFS,27.7,15.41,26.85,55.44
20,5.95,4.45,0.749,2,17,3.89,119,SJF,22.75,15.1,30.1,51.8
15,4.4,4.48,1.019,1,16,1.79,66,SJF,17.87,7.27,21.93,28.2
21,5.05,4.63,0.917,1,16,2.4,106,SJF,18.1,9.9,15.52,33.95
15,4.6,4.08,0.888,1,13,1.29,69,SJF,21.13,11.13,21.13,39.53
18,6.5,5.35,0.823,1,16,1.06,117,SJF,47.11,25.72,36.22,65.44
5,7.8,6.1,0.782,3,17,3.0,39,SJF,15.6,9.6,17.6,21.4
10,6.9,4.61,0.667,2,14,2.22,69,SJF,25.4,13.2,19.6,39.5
27,5.59,4.48,0.802,1,16,2.88,151,SJF,37.89,19.48,45.7,63.67
23,4.52,4.09,0.904,1,16,1.59,104,SJF,40.35,17.7,37.26,65.04
23,5.78,5.48,0.947,1,21,1.5,133,SJF,53.74,24.52,54.0,69.43
11,4.18,3.4,0.813,1,14,1.6,46,SJF,11.82,8.73,12.55,28.82
23,6.52,5.08,0.779,1,17,1.91,150,SJF,42.04,25.78,55.52,71.65
19,5.79,4.6,0.795,2,16,1.33,110,SJF,42.63,21.47,38.0,57.11
18,8.11,5.33,0.658,2,20,1.76,146,SJF,51.56,36.33,47.72,81.22
5,8.2,3.27,0.399,3,12,2.0,41,SJF,15.8,12.2,15.8,31.6
25,5.16,4.21,0.816,1,16,2.17,129,SJF,41.2,20.84,39.72,63.52
9,5.0,3.87,0.775,1,12,3.0,45,SJF,6.33,5.56,6.33,16.89
25,4.64,3.77,0.813,1,13,3.75,116,SJF,8.52,5.76,7.88,32.56
17,6.65,6.26,0.942,2,22,1.62,113,SJF,49.41,29.06,36.76,62.82
24,5.83,4.28,0.734,2,17,1.35,140,SJF,60.67,29.67,57.79,97.42
13,6.31,5.2,0.825,2,16,3.5,82,SJF,18.69,9.62,20.0,30.08
21,6.19,5.1,0.823,2,19,1.2,130,SJF,58.57,29.43,46.33,76.62
12,6.42,4.64,0.723,2,14,2.45,77,SJF,35.17,19.08,30.33,50.08
16,3.44,3.03,0.882,1,14,1.93,55,SJF,18.31,6.75,16.0,29.06
11,7.82,5.53,0.707,1,16,2.6,86,SJF,31.36,18.36,29.45,43.73
8,5.88,4.52,0.769,2,16,3.57,47,SJF,16.12,7.25,14.38,22.12
6,4.17,3.43,0.823,2,11,1.6,25,FCFS,9.33,9.33,10.83,14.33
26,5.58,4.34,0.778,1,14,1.6,145,SJF,64.38,27.96,55.69,92.19
27,4.41,3.88,0.879,1,14,2.5,119,SJF,30.52,14.33,32.74,58.56
6,6.17,4.96,0.804,2,13,2.6,37,SJF,8.17,4.67,8.17,13.83
28,5.96,4.78,0.801,1,16,4.0,167,SJF,21.71,12.61,23.21,50.96
18,5.56,4.08,0.734,1,14,3.53,100,SJF,14.39,10.22,17.33,30.44
20,5.1,4.04,0.792,2,16,2.84,102,SJF,23.65,14.7,25.25,46.45
25,6.08,4.83,0.794,1,19,2.12,152,SJF,46.48,24.0,42.2,73.4
5,6.6,4.98,0.755,2,12,2.25,33,FCFS,3.2,3.2,3.4,11.6
10,6.0,5.54,0.923,2,19,1.67,60,SJF,22.7,14.9,19.0,35.4
11,6.0,4.05,0.675,3,13,5.5,66,SJF,7.45,4.82,4.82,15.36
5,3.0,1.0,0.333,2,4,0.25,15,SJF,6.8,4.8,5.6,13.0
10,5.8,3.74,0.644,3,12,0.89,58,SJF,19.4,13.0,22.4,31.9
20,4.65,4.28,0.921,1,16,2.11,93,SJF,28.8,10.55,25.7,47.95
9,5.33,4.87,0.914,2,16,3.38,48,FCFS,4.78,4.78,5.0,10.56
24,6.67,5.02,0.753,2,18,2.61,160,SJF,46.92,22.88,43.54,82.08
21,5.57,5.02,0.9,1,17,2.75,117,SJF,24.43,15.81,33.76,41.38
29,6.21,4.51,0.727,1,19,2.43,180,SJF,60.14,31.86,61.1,109.21
11,5.36,3.75,0.699,2,12,2.2,59,SJF,21.36,12.36,22.0,35.64
12,6.58,5.33,0.81,1,18,1.55,79,SJF,27.75,14.08,30.33,47.25
5,5.4,3.91,0.724,2,11,2.5,27,SJF,8.6,6.2,6.4,12.2
27,3.7,3.05,0.823,1,14,1.15,100,SJF,33.52,20.04,35.33,68.81
23,6.0,5.3,0.883,1,16,1.05,138,SJF,54.61,29.13,53.39,75.3
22,7.77,4.92,0.633,1,16,1.62,171,SJF,71.18,41.41,60.5,106.41
8,9.25,5.68,0.614,2,15,2.0,74,SJF,27.88,18.75,27.88,45.12
11,5.45,4.44,0.813,1,14,4.0,60,SJF,6.82,4.73,8.91,19.0
14,5.36,5.03,0.939,1,16,1.46,75,SJF,31.36,12.0,38.0,35.5
17,5.82,4.36,0.749,1,14,2.0,99,SJF,32.24,18.18,32.47,52.12
25,6.04,5.03,0.833,1,18,2.96,151,SJF,44.72,20.64,38.4,72.76
29,5.62,4.33,0.77,1,15,1.79,163,SJF,44.24,25.34,51.93,77.55
30,5.63,4.28,0.76,1,16,3.14,169,SJF,36.27,20.9,40.5,69.9
18,5.94,5.53,0.929,1,17,1.29,107,SJF,33.17,16.78,35.94,49.28
17,5.76,3.88,0.673,1,13,4.75,98,SJF,6.41,5.18,7.88,29.29
10,8.7,6.45,0.741,2,18,2.33,87,SJF,24.0,14.5,21.5,39.3
19,5.79,5.16,0.891,1,15,3.83,110,SJF,13.53,7.21,13.42,30.89
5,6.6,4.39,0.666,2,13,10.75,33,FCFS,0.0,0.0,0.0,1.6
30,4.63,3.42,0.738,1,13,1.93,139,SJF,46.1,21.73,44.63,88.33
18,4.44,3.82,0.86,1,14,1.12,80,SJF,31.11,18.89,35.72,50.17
10,6.3,4.52,0.718,2,14,0.78,63,SJF,26.8,19.1,21.3,42.6
26,6.23,3.91,0.628,1,14,3.4,162,SJF,29.19,21.04,33.19,70.65
28,5.68,4.41,0.777,1,14,4.96,159,FCFS,8.46,6.07,7.93,28.04
27,7.56,5.52,0.731,1,18,1.54,204,SJF,68.3,41.11,81.26,103.59
6,5.83,3.19,0.547,2,9,2.6,35,SJF,9.83,6.67,9.5,18.83
29,6.17,5.81,0.941,1,20,4.46,179,SJF,32.03,16.76,24.21,57.52
27,5.85,4.37,0.746,1,14,1.27,158,SJF,53.26,31.48,61.04,90.52
28,4.57,3.81,0.834,1,16,1.44,128,SJF,48.86,27.61,49.04,79.36
9,6.11,4.08,0.667,3,13,2.25,55,SJF,15.44,11.78,17.0,29.78
10,5.6,5.3,0.946,1,17,4.56,56,SJF,12.6,9.0,11.6,21.9
18,5.17,3.94,0.763,2,13,2.0,93,SJF,30.44,17.83,28.67,41.56
26,5.96,5.06,0.849,1,17,3.16,155,SJF,47.0,22.04,39.81,76.62
15,5.93,4.57,0.771,1,15,3.5,89,SJF,13.4,7.6,13.27,29.4
19,5.63,4.7,0.835,1,15,1.0,107,SJF,43.63,24.0,47.32,65.89
14,6.43,5.09,0.793,2,17,2.46,90,SJF,29.0,15.07,25.21,45.43
7,5.29,4.96,0.938,1,15,1.67,37,FCFS,5.86,5.86,9.29,9.71
6,4.0,2.61,0.652,2,9,1.6,24,SJF,3.83,3.33,4.83,11.67
27,6.11,4.13,0.675,1,14,0.92,165,SJF,64.89,39.04,57.26,110.56
17,6.47,4.36,0.674,1,15,1.69,110,SJF,38.41,23.94,36.59,68.41
11,6.91,5.22,0.756,2,16,3.5,76,SJF,18.18,11.91,15.82,34.09
17,5.35,3.94,0.735,2,16,1.44,91,SJF,32.53,16.41,31.06,51.47
23,5.13,4.76,0.928,1,18,2.95,118,SJF,26.0,12.13,34.48,44.39
25,5.24,4.64,0.885,2,18,2.0,131,SJF,33.56,21.88,44.6,57.6
15,8.53,5.68,0.666,1,20,2.07,128,SJF,41.47,27.33,39.8,75.53
16,6.69,5.63,0.842,2,17,0.87,107,SJF,50.38,21.69,38.19,65.19
15,4.93,4.56,0.924,1,15,3.43,74,SJF,11.53,7.93,11.27,30.33
21,4.38,3.46,0.789,1,14,2.35,92,SJF,19.29,11.33,19.52,47.38
29,5.79,4.21,0.727,1,15,4.79,168,SJF,14.45,9.24,15.52,49.59
11,3.55,3.24,0.913,1,13,4.0,39,SJF,1.82,0.73,0.73,6.45
27,5.78,4.93,0.852,1,15,2.23,156,SJF,46.74,24.04,42.59,78.78
14,5.57,4.26,0.764,1,14,1.77,78,SJF,25.07,14.07,18.64,42.43
7,6.71,5.79,0.863,2,18,5.0,47,SJF,7.0,6.14,8.43,17.43
8,3.25,1.49,0.458,2,6,1.71,26,SJF,5.88,4.25,7.0,13.75
12,8.67,6.56,0.756,2,20,2.45,104,SJF,28.92,16.92,31.5,47.5
13,4.23,3.35,0.791,2,13,2.17,55,SJF,20.46,8.08,24.38,35.54
16,6.31,4.38,0.693,1,15,3.93,101,SJF,10.12,8.44,8.88,35.75
26,3.96,2.63,0.664,2,14,3.16,103,SJF,19.12,13.15,19.08,50.92
26,5.23,4.75,0.909,1,17,4.0,136,SJF,27.38,11.0,26.88,51.27
23,6.61,4.77,0.722,1,15,3.59,152,SJF,35.13,18.39,32.39,70.22
9,5.33,4.24,0.795,1,14,2.0,48,SJF,18.22,11.33,18.67,30.78
21,4.29,4.0,0.934,2,15,4.55,90,SJF,4.1,3.43,4.29,21.95
19,5.63,5.44,0.966,1,19,3.06,107,SJF,24.42,11.74,25.68,35.53
9,6.44,5.17,0.803,2,15,2.38,58,SJF,11.11,10.11,11.0,24.0
28,6.14,4.36,0.71,1,14,1.96,172,SJF,53.21,31.64,53.14,95.21
19,6.05,4.55,0.752,2,13,3.22,115,SJF,28.26,13.53,27.53,52.37
5,5.0,4.53,0.906,2,13,2.25,25,SJF,3.8,1.8,1.8,9.2
14,6.36,4.88,0.767,2,16,5.54,89,SJF,7.71,5.0,7.0,27.79
29,4.66,2.89,0.622,2,12,1.82,135,SJF,41.45,22.28,33.45,90.21
19,6.84,5.55,0.811,1,17,1.33,130,SJF,42.05,23.63,34.84,69.53
7,7.71,6.24,0.809,3,20,1.5,54,SJF,20.86,10.71,12.29,24.29
19,6.84,4.46,0.652,1,14,5.22,130,SJF,26.79,15.63,24.16,56.74
13,6.31,5.6,0.888,2,16,4.0,82,SJF,24.15,11.38,23.77,34.92
5,5.4,3.91,0.724,2,12,1.75,27,SJF,6.0,3.8,6.0,11.6
19,6.32,4.62,0.731,2,15,1.11,120,SJF,54.68,27.16,55.84,75.68
9,4.44,3.97,0.894,1,14,7.25,40,FCFS,1.78,1.56,1.56,9.56
13,4.23,2.71,0.641,1,11,2.33,55,SJF,12.23,8.08,14.62,29.46
28,6.36,5.79,0.91,2,20,1.52,178,SJF,53.5,28.46,45.79,76.82
28,5.5,4.11,0.746,1,14,3.81,154,SJF,24.0,13.57,23.39,49.21
16,6.62,5.12,0.773,1,15,1.87,106,SJF,35.69,21.94,30.62,59.25
24,5.5,4.09,0.743,1,13,1.04,132,SJF,54.5,33.92,51.71,90.29
27,5.81,5.12,0.881,1,18,2.27,157,SJF,38.96,19.19,42.11,65.41
20,6.5,4.36,0.671,1,17,3.0,130,SJF,35.25,20.7,25.75,70.65
19,4.84,3.2,0.661,2,13,2.89,92,SJF,12.42,8.58,11.37,41.89
14,5.86,4.13,0.705,2,14,2.46,82,SJF,30.86,16.64,30.5,44.07
14,5.79,4.77,0.825,1,16,3.46,81,SJF,24.5,10.07,21.29,42.07
17,4.12,3.28,0.796,1,12,1.75,70,SJF,19.65,8.41,19.35,38.24
12,9.33,4.87,0.522,2,15,4.27,112,SJF,25.67,21.42,28.42,47.58
5,6.2,4.49,0.725,2,12,0.75,31,SJF,13.4,6.0,9.2,19.2
12,6.08,5.47,0.899,2,16,6.09,73,SJF,6.0,3.67,4.33,10.92
13,6.92,6.22,0.899,1,18,1.83,90,SJF,30.08,20.38,29.0,44.23
7,3.86,3.72,0.963,1,12,0.83,27,SJF,7.0,4.14,10.71,12.86
11,4.55,4.01,0.882,1,13,1.3,50,SJF,11.64,10.55,17.18,25.73
18,6.44,4.41,0.684,2,14,1.53,116,SJF,37.67,27.33,41.67,68.33
25,4.76,3.65,0.768,1,13,1.58,119,SJF,48.28,20.8,46.04,82.84
25,7.16,5.01,0.7,2,16,1.42,179,SJF,73.92,41.24,60.2,104.68
16,6.94,4.89,0.705,1,16,0.93,111,SJF,38.56,25.56,30.94,69.94
27,7.3,4.8,0.658,1,16,1.69,197,SJF,77.85,42.81,70.85,118.33
21,4.48,3.78,0.844,1,15,2.75,94,SJF,19.38,8.86,20.19,41.1
24,3.5,1.72,0.491,1,8,1.3,84,SJF,25.96,17.71,24.71,60.33
6,4.33,3.33,0.768,2,11,3.2,26,FCFS,2.67,2.67,2.67,9.17
23,5.17,3.88,0.75,1,16,2.5,119,SJF,28.52,14.22,24.04,52.7
20,5.25,3.65,0.696,2,13,5.37,105,FCFS,9.5,8.2,9.35,29.65
10,5.6,4.01,0.715,2,13,1.89,56,SJF,19.6,10.6,19.6,32.9
28,6.61,5.49,0.831,1,19,1.37,185,SJF,60.89,42.25,79.11,99.04
21,4.19,3.63,0.866,1,14,3.15,88,SJF,16.71,8.95,19.76,42.29
5,8.8,4.02,0.457,3,13,3.5,44,SJF,8.2,7.4,13.2,20.8
6,6.17,5.81,0.942,2,15,0.6,37,FCFS,5.67,5.67,12.67,13.67
29,5.72,4.39,0.767,2,17,3.0,166,SJF,34.17,19.62,39.79,66.28
5,5.2,5.67,1.091,1,15,2.25,26,SJF,5.6,4.8,5.6,6.4
14,6.07,5.0,0.823,2,15,3.46,85,SJF,11.57,9.29,9.43,26.5
8,7.25,5.92,0.817,2,16,1.14,58,SJF,19.75,10.75,25.25,25.25
15,4.73,3.61,0.764,2,14,1.07,71,SJF,27.0,13.47,22.0,49.0
18,6.44,4.69,0.728,2,16,0.88,116,SJF,45.06,25.72,39.61,66.11
13,5.46,4.82,0.883,2,15,2.25,71,SJF,16.92,10.85,20.85,26.85
29,4.52,3.37,0.745,1,13,1.86,131,SJF,42.34,20.52,41.59,81.69
12,6.17,4.88,0.791,3,18,2.0,74,SJF,22.33,18.17,23.92,40.33
29,6.83,4.9,0.718,1,17,3.93,198,FCFS,42.28,24.55,36.9,91.31
13,7.38,5.47,0.741,2,18,2.08,96,SJF,35.92,17.38,33.15,49.69
10,4.7,4.35,0.925,2,16,3.67,47,SJF,7.8,4.0,10.6,15.3
19,6.58,5.27,0.802,1,16,2.67,125,SJF,33.37,18.63,38.53,59.42
30,4.53,3.79,0.835,1,14,3.17,136,SJF,32.57,14.43,36.77,75.97
18,7.61,6.76,0.888,1,18,1.24,137,SJF,56.72,30.78,53.06,73.06
13,6.08,5.04,0.83,1,16,1.58,79,SJF,21.38,13.23,22.08,39.77
17,4.24,3.35,0.79,1,12,3.12,72,SJF,10.12,7.24,8.65,25.0
25,5.4,4.0,0.741,2,16,1.21,135,SJF,36.64,28.92,38.68,70.52
13,6.77,5.45,0.805,1,16,1.83,88,SJF,35.0,19.23,28.15,52.46
28,5.21,4.38,0.841,2,17,2.37,146,SJF,26.25,14.71,35.0,52.04
7,6.0,4.97,0.828,3,17,1.0,42,SJF,20.57,19.29,20.14,27.14
16,4.88,4.0,0.82,1,14,1.6,78,SJF,24.56,12.69,24.56,51.94
18,6.22,3.92,0.63,2,13,2.18,112,SJF,39.89,19.94,38.44,69.28
13,5.46,4.14,0.757,2,15,1.08,71,SJF,28.62,25.38,37.54,40.92
5,6.2,3.9,0.629,2,12,1.25,31,SJF,12.8,6.0,12.0,20.6
16,5.44,4.55,0.836,2,16,2.67,87,SJF,29.12,14.19,29.94,41.62
19,4.16,3.58,0.861,1,15,2.39,79,SJF,21.32,9.42,25.63,45.74
22,4.27,3.43,0.802,1,14,1.9,94,SJF,17.09,12.86,23.36,45.23
7,10.0,5.0,0.5,3,15,1.0,70,SJF,27.0,21.57,31.57,44.29
7,4.29,2.56,0.598,3,10,1.67,30,SJF,10.14,5.14,9.86,22.29
15,7.33,6.22,0.848,2,19,1.36,110,SJF,45.53,26.8,41.13,58.13
17,6.24,5.11,0.819,1,16,1.31,106,SJF,39.18,20.53,46.94,58.35
8,6.75,6.02,0.892,2,16,1.43,54,SJF,16.38,12.12,23.5,24.38
10,4.6,4.27,0.929,2,14,4.89,46,FCFS,2.4,2.4,2.4,8.9
6,6.0,3.95,0.658,3,12,2.2,36,SJF,11.5,8.5,10.17,20.0
13,6.0,6.1,1.016,1,19,1.75,78,SJF,21.08,16.62,20.54,29.69
17,5.82,4.22,0.724,2,15,1.44,99,SJF,31.88,17.76,24.53,52.35
27,7.59,5.14,0.677,2,17,1.77,205,SJF,78.56,44.7,89.19,119.93
15,5.0,4.0,0.8,1,14,1.07,75,SJF,28.93,16.0,21.73,50.93
21,5.71,4.71,0.825,1,14,1.7,120,SJF,46.48,26.95,44.24,69.43
25,6.36,4.4,0.691,1,14,4.62,159,FCFS,31.96,18.44,32.72,77.04
16,9.38,5.49,0.585,2,17,3.07,150,SJF,51.12,32.62,53.88,82.31
8,4.88,4.16,0.852,2,15,2.57,39,SJF,6.12,5.25,7.88,16.0
25,4.2,4.22,1.005,1,15,1.88,105,SJF,21.4,10.36,22.04,43.2
22,7.05,5.08,0.72,2,17,2.95,155,SJF,46.41,23.0,45.41,71.64
26,6.12,4.48,0.732,1,14,2.72,159,SJF,27.5,19.0,33.19,66.23
27,6.19,4.45,0.719,1,16,4.38,167,SJF,29.74,15.93,22.96,57.48
6,2.83,1.17,0.413,2,5,4.4,17,FCFS,0.33,0.33,0.33,5.33
5,3.0,1.0,0.333,2,4,1.0,15,SJF,4.0,3.2,3.4,9.8
28,5.96,4.98,0.835,2,16,3.0,167,SJF,45.04,20.0,51.46,72.79
16,6.38,5.18,0.812,1,19,0.73,102,SJF,46.38,25.62,46.0,59.06
24,5.79,4.74,0.818,1,18,1.65,139,SJF,54.04,32.62,38.92,81.04
20,4.8,3.75,0.781,1,14,2.74,96,SJF,20.1,14.3,22.0,48.6
24,4.54,3.39,0.746,1,13,2.35,109,SJF,26.71,15.88,21.42,60.67
21,6.67,5.46,0.819,1,16,1.3,140,SJF,60.95,28.33,51.71,81.62
16,6.81,5.44,0.799,1,17,2.0,109,SJF,38.94,19.94,32.0,57.69
27,4.52,3.64,0.806,1,15,1.38,122,SJF,32.74,19.7,37.85,69.85
9,3.11,1.17,0.375,2,5,2.62,28,SJF,4.56,3.22,3.89,10.78
27,4.81,4.1,0.853,1,19,1.62,130,SJF,37.41,21.19,41.33,78.04
17,5.71,4.61,0.807,1,17,2.5,97,SJF,17.88,13.0,17.65,41.71
25,7.0,4.99,0.713,2,19,3.04,175,SJF,55.88,27.72,50.48,81.56
8,6.12,5.17,0.844,1,15,0.57,49,SJF,24.38,9.88,20.75,30.0
29,6.38,5.23,0.82,1,18,3.39,185,SJF,35.69,19.93,36.28,72.17
27,4.67,3.7,0.793,2,15,1.92,126,SJF,37.74,17.11,26.07,75.26
27,6.37,4.82,0.757,1,18,1.31,172,SJF,73.15,35.19,65.81,105.04
5,8.6,6.27,0.729,2,15,1.25,43,FCFS,8.2,8.2,10.6,17.6
25,4.92,4.52,0.918,1,14,1.33,123,SJF,35.64,19.8,46.48,67.32
21,5.05,4.25,0.842,1,16,2.0,106,SJF,39.19,16.0,33.33,54.86
18,6.17,4.26,0.691,3,16,3.47,111,SJF,16.22,10.28,16.89,36.22
9,6.33,4.61,0.728,2,14,1.62,57,SJF,20.11,10.22,15.78,31.11
10,5.3,3.5,0.66,3,13,2.56,53,SJF,18.5,11.8,17.2,31.9
11,6.0,5.06,0.843,1,14,3.7,66,SJF,21.82,13.73,22.09,31.36
11,4.45,3.72,0.836,2,14,3.7,49,SJF,11.18,6.0,10.64,21.73
20,6.7,5.02,0.749,2,16,1.05,134,SJF,48.05,34.05,42.95,81.65
15,5.6,4.7,0.84,1,15,1.43,84,SJF,30.27,16.33,26.8,42.93
12,5.58,3.85,0.689,2,13,2.18,67,SJF,20.5,12.5,22.5,37.58
19,5.16,4.56,0.884,2,16,2.0,98,SJF,28.53,12.32,27.53,41.42
13,7.38,5.22,0.707,2,16,1.83,96,SJF,30.38,19.92,34.85,50.62
13,6.0,5.1,0.85,2,15,2.75,78,SJF,19.38,13.92,25.31,34.15
25,6.4,3.99,0.623,1,13,1.08,160,SJF,62.6,39.6,62.72,109.36
26,6.31,4.87,0.772,1,18,2.96,164,SJF,44.27,24.27,43.85,80.0
8,4.75,4.2,0.884,1,13,1.57,38,SJF,8.5,6.5,8.75,17.62
7,7.86,4.63,0.59,3,13,0.83,55,SJF,20.57,15.0,26.57,33.57
19,6.42,4.38,0.681,2,16,1.56,122,SJF,43.32,27.79,51.79,77.68
19,6.58,4.34,0.659,2,13,1.22,125,SJF,49.42,31.16,43.68,81.58
23,5.7,5.47,0.961,1,16,1.64,131,SJF,49.91,25.26,48.48,66.83
9,6.22,6.61,1.062,1,20,1.12,56,SJF,20.44,8.22,20.22,25.56
30,4.8,4.09,0.852,1,15,3.24,144,SJF,26.0,12.73,23.83,59.2
16,5.44,4.97,0.913,1,19,5.33,87,SJF,10.94,7.38,12.56,20.25
12,4.33,3.73,0.86,2,15,2.64,52,FCFS,9.75,8.67,11.0,25.25
11,7.82,5.46,0.698,2,18,2.6,86,SJF,30.36,16.45,28.91,44.09
13,6.23,5.33,0.855,2,15,5.42,81,SJF,12.54,8.0,9.54,17.77
21,5.52,4.63,0.839,1,14,1.5,116,SJF,44.48,20.86,39.9,62.14
18,6.06,4.48,0.74,2,14,3.18,109,SJF,25.83,14.56,21.72,50.56
18,5.56,4.72,0.849,1,16,4.41,100,SJF,12.28,7.39,12.72,23.56
28,5.89,4.89,0.829,2,17,1.48,165,SJF,59.0,35.82,66.79,89.07
11,5.55,5.37,0.969,1,18,1.7,61,SJF,23.09,12.45,20.55,31.55
18,5.5,4.34,0.789,2,14,1.94,99,SJF,28.39,17.78,30.94,46.67
29,4.9,4.22,0.862,1,15,3.18,142,SJF,29.03,15.24,28.07,63.72
28,4.82,3.92,0.812,1,15,4.56,135,SJF,12.75,7.64,12.75,52.54
7,3.0,1.41,0.471,1,5,2.0,21,FCFS,1.86,1.86,2.43,7.43
26,5.19,4.41,0.849,1,15,1.08,135,SJF,49.15,24.35,60.81,74.15
25,4.6,3.32,0.721,2,15,4.67,115,FCFS,8.04,7.28,9.08,38.72
11,4.27,3.29,0.77,2,13,1.9,47,SJF,6.55,4.09,9.27,20.0
6,4.5,3.39,0.754,1,11,1.0,27,SJF,11.5,11.17,11.5,19.17
20,4.25,3.02,0.712,1,11,0.89,85,SJF,24.1,16.25,26.6,49.3
26,6.23,4.8,0.771,1,16,3.12,162,SJF,29.15,16.96,34.08,59.96
21,6.24,4.64,0.743,1,15,1.7,131,SJF,45.24,28.62,48.24,74.24
15,5.73,3.71,0.647,2,13,4.36,86,FCFS,12.6,10.27,12.87,33.4
5,5.8,4.87,0.839,1,11,3.5,29,SJF,4.4,2.2,10.0,8.0
10,5.1,5.15,1.01,1,16,1.56,51,SJF,17.7,7.7,18.8,23.0
30,5.87,4.19,0.714,2,17,2.03,176,SJF,48.4,32.5,53.3,95.07
24,5.83,5.03,0.862,1,18,2.35,140,SJF,50.88,27.83,49.5,73.62
7,4.86,5.4,1.111,2,17,2.17,34,SJF,6.0,3.86,4.57,11.71
22,6.91,4.85,0.702,3,17,1.38,152,SJF,49.95,32.59,55.36,89.91
11,5.36,3.72,0.694,2,12,1.9,59,SJF,14.0,9.64,16.64,25.0
28,5.61,3.94,0.702,1,13,1.74,157,SJF,56.93,28.29,49.79,87.86
7,8.0,6.81,0.851,2,18,3.67,56,SJF,4.43,4.0,4.43,10.29
13,4.69,4.21,0.897,2,16,2.5,61,SJF,10.31,7.54,8.85,25.38
25,4.88,4.44,0.909,2,18,1.33,122,SJF,34.64,19.12,37.36,64.96
24,4.92,4.17,0.848,1,14,1.26,118,SJF,43.33,27.54,43.33,81.5
7,2.86,0.9,0.315,2,4,3.17,20,Priority,1.14,1.14,1.0,12.14
12,7.08,4.81,0.68,2,14,1.18,85,SJF,40.42,21.58,38.25,53.83
23,5.52,4.19,0.758,1,15,5.27,127,FCFS,10.83,8.26,8.87,31.96
24,6.5,5.08,0.782,1,19,1.83,156,SJF,60.62,37.46,62.46,97.92
29,6.14,4.61,0.751,2,18,1.07,178,SJF,70.62,39.21,82.93,108.79
30,6.3,4.6,0.731,2,16,1.55,189,SJF,62.03,36.13,68.03,101.17
26,6.23,5.05,0.81,1,15,1.16,162,SJF,68.77,38.04,72.92,104.38
24,6.04,4.39,0.726,1,14,1.48,145,SJF,53.17,27.42,45.54,86.21
6,7.0,4.69,0.67,2,14,4.8,42,SJF,5.0,3.83,4.5,13.0
11,7.27,5.06,0.696,1,17,1.6,80,SJF,33.0,16.82,22.82,46.0
10,6.1,5.99,0.982,2,20,1.56,61,SJF,20.9,16.1,25.0,33.6
20,5.3,4.23,0.798,2,16,4.53,106,SJF,7.55,5.7,9.5,28.75
13,6.85,6.35,0.927,2,19,3.42,89,SJF,35.46,15.54,32.85,47.77
5,5.8,3.56,0.614,3,11,2.25,29,SJF,8.2,6.8,8.6,17.6
20,7.05,4.84,0.686,2,15,1.21,141,SJF,64.5,34.25,51.75,83.3
26,6.31,4.42,0.7,2,14,2.32,164,SJF,59.0,30.69,52.19,96.54
30,4.53,3.57,0.787,1,16,1.21,136,SJF,61.47,28.27,51.77,97.23
30,4.8,4.91,1.023,1,18,1.9,144,SJF,36.2,16.5,36.03,64.6
24,5.96,4.79,0.803,2,17,1.91,143,SJF,47.5,26.58,41.92,68.12
22,4.09,3.6,0.879,1,15,2.38,90,SJF,26.41,11.36,22.68,49.36
20,6.6,4.66,0.706,1,15,2.0,132,SJF,47.2,24.1,40.2,81.2
12,3.5,2.65,0.756,1,9,2.91,42,Priority,5.58,3.42,3.33,14.75
20,7.1,5.67,0.799,1,17,2.0,142,SJF,58.75,28.55,59.15,76.15
7,6.0,4.73,0.788,2,15,2.5,42,SJF,14.0,13.14,16.86,25.14
6,4.0,2.1,0.524,2,8,2.0,24,SJF,7.33,4.67,6.67,17.5
11,6.09,5.17,0.848,2,15,3.1,67,SJF,11.0,8.09,12.0,21.18
30,5.0,4.13,0.825,1,15,4.55,150,SJF,19.9,10.93,17.4,42.97
24,5.88,5.03,0.857,1,19,3.0,141,SJF,43.33,17.79,28.42,62.88
22,4.82,3.74,0.776,2,14,1.52,106,SJF,44.32,20.32,47.95,77.59
19,6.16,5.01,0.814,2,17,3.0,117,SJF,27.89,15.05,25.0,48.95
15,7.4,5.82,0.786,1,20,1.0,111,SJF,49.8,31.6,50.07,70.4
8,5.12,5.03,0.981,1,14,2.86,41,SJF,5.38,4.0,6.62,11.88
19,7.37,4.21,0.571,1,13,2.0,140,SJF,40.58,29.53,44.68,78.26
10,4.4,4.48,1.018,2,17,3.56,44,FCFS,8.5,7.6,7.8,21.7
27,6.07,5.18,0.853,2,19,2.85,164,SJF,43.26,19.63,53.41,70.67
6,7.0,6.1,0.871,2,17,2.4,42,FCFS,3.67,4.5,4.67,10.5
17,3.88,2.47,0.637,1,10,2.31,66,SJF,8.88,5.88,10.41,29.12
12,5.83,4.99,0.855,1,14,1.82,70,SJF,17.67,12.0,18.25,33.17
22,7.36,5.21,0.708,2,18,1.76,162,SJF,60.86,35.59,58.18,94.0
16,5.5,5.18,0.941,1,18,2.8,88,SJF,15.56,9.69,17.88,24.5
16,5.06,3.7,0.73,2,14,3.2,81,SJF,23.69,14.12,21.75,38.62
28,5.68,5.06,0.89,1,20,1.85,159,SJF,53.46,24.18,50.36,77.57
16,6.06,4.78,0.789,2,19,2.2,97,SJF,30.06,15.44,23.44,47.44
8,2.88,1.13,0.392,1,4,1.0,23,SJF,7.88,5.88,7.38,25.5
28,6.46,4.9,0.758,2,19,2.41,181,SJF,56.04,30.18,61.39,97.89
16,5.5,3.69,0.671,2,14,1.2,88,SJF,31.62,18.56,32.88,54.12
10,6.5,6.55,1.008,1,18,2.22,65,SJF,25.4,17.1,23.5,29.5
23,5.04,3.83,0.76,1,13,2.14,116,SJF,25.87,13.39,23.04,50.78
26,6.58,5.01,0.761,1,18,0.72,171,SJF,67.42,39.81,94.31,106.92
27,5.19,3.95,0.762,1,15,4.92,140,FCFS,14.89,11.37,18.59,42.44
26,5.0,4.24,0.849,1,18,2.64,130,SJF,36.31,15.58,41.77,74.38
8,6.38,5.8,0.911,2,18,2.71,51,SJF,20.75,8.0,22.25,23.38
10,5.2,4.85,0.932,1,13,0.44,52,SJF,25.9,17.4,25.9,30.3
21,6.86,4.57,0.667,2,17,1.4,144,SJF,57.86,32.19,55.43,93.38
24,5.62,5.22,0.927,1,19,2.39,135,SJF,46.54,20.88,46.0,62.46
27,5.7,4.57,0.802,1,17,4.69,154,SJF,17.81,9.37,17.74,43.63
6,4.33,4.08,0.942,1,12,2.0,26,SJF,7.0,2.67,8.83,12.5
25,6.0,4.16,0.694,2,16,1.88,150,SJF,49.88,32.24,49.64,86.24
28,6.64,4.8,0.723,1,15,3.22,186,SJF,42.89,24.39,38.43,83.5
8,5.38,3.93,0.73,2,13,1.57,43,SJF,17.12,8.25,20.88,27.0
27,5.3,4.47,0.844,1,17,1.27,143,SJF,46.22,24.44,43.59,70.44
20,6.0,4.84,0.807,1,18,1.95,120,SJF,42.25,20.15,51.35,59.8
29,6.66,4.98,0.748,1,16,2.14,193,SJF,62.55,33.45,62.28,107.34
21,5.67,4.59,0.809,1,15,1.35,119,SJF,28.33,23.14,43.14,61.48
14,5.07,4.07,0.802,1,14,2.15,71,SJF,10.93,7.64,15.5,24.64
20,7.65,5.11,0.668,1,16,4.11,153,SJF,30.65,20.4,38.35,58.05
19,4.0,3.54,0.886,1,14,1.44,76,SJF,21.74,15.79,18.63,46.47
17,6.88,5.59,0.812,2,19,3.44,117,SJF,40.82,18.41,44.24,61.94
26,5.85,4.48,0.766,1,16,3.44,152,SJF,46.54,23.81,43.08,79.65
20,7.85,5.39,0.687,2,16,1.21,157,SJF,54.45,36.05,51.9,87.85
21,3.9,2.53,0.647,1,13,1.4,82,SJF,21.86,14.95,17.86,50.29
18,6.06,5.06,0.835,1,18,1.47,109,SJF,33.11,17.83,33.33,54.89
14,5.57,3.37,0.604,2,11,3.92,78,SJF,17.57,10.64,14.93,37.43
25,4.72,4.82,1.021,1,18,1.54,118,SJF,33.4,15.32,37.0,53.44
9,5.22,3.93,0.753,1,13,2.38,47,SJF,9.78,7.89,9.22,19.56
18,6.72,5.51,0.819,2,17,1.29,121,SJF,42.89,23.11,40.11,60.5
7,7.29,6.29,0.863,1,17,1.67,51,SJF,14.86,10.0,12.86,20.57
22,5.41,4.12,0.763,1,13,0.95,119,SJF,57.41,27.68,49.36,85.64
16,4.38,3.2,0.732,1,12,2.33,70,SJF,10.38,8.12,12.5,34.31
13,5.77,4.94,0.855,1,16,0.92,75,SJF,22.62,15.08,21.23,42.31
23,4.74,4.17,0.88,1,17,1.32,109,SJF,41.26,26.96,38.83,67.48
6,3.5,2.43,0.694,1,8,0.6,21,SJF,9.67,4.33,9.83,16.5
6,4.33,3.98,0.919,1,12,3.0,26,SJF,3.83,2.33,2.33,10.33
18,5.83,4.54,0.778,1,16,5.0,105,FCFS,11.11,7.89,10.67,24.33
29,6.59,4.95,0.752,2,16,3.96,191,SJF,57.17,26.24,44.48,100.17
12,6.25,5.17,0.828,2,17,3.73,75,SJF,8.67,6.58,9.0,20.42
17,6.18,4.03,0.653,1,13,1.31,105,SJF,37.82,26.12,40.76,73.65
6,4.83,3.66,0.756,2,12,1.4,29,SJF,5.0,3.17,5.0,14.67
21,5.29,4.46,0.844,1,17,2.65,111,SJF,39.19,16.24,33.57,57.86
25,4.92,4.24,0.862,2,15,1.33,123,SJF,43.68,22.2,36.76,74.8
19,6.37,4.78,0.75,1,16,2.94,121,SJF,32.89,16.74,35.32,57.63
21,5.19,4.09,0.789,1,15,2.1,109,SJF,27.14,17.0,26.52,51.71
27,5.59,4.23,0.756,1,15,1.42,151,SJF,51.48,27.74,54.22,84.85
20,6.45,5.26,0.815,1,16,1.84,129,SJF,28.5,18.55,31.1,55.55
17,6.18,5.88,0.951,1,21,1.62,105,SJF,27.88,15.12,25.06,46.76
14,7.5,5.23,0.697,2,18,0.77,105,SJF,45.64,26.07,47.93,62.0
16,6.5,5.67,0.872,1,17,1.47,104,SJF,31.25,18.25,38.88,49.94
27,5.15,4.14,0.804,1,15,4.12,139,SJF,11.04,7.67,11.85,37.44
23,4.65,3.7,0.795,1,14,2.82,107,SJF,15.83,9.0,14.17,40.78
16,4.12,4.32,1.047,1,16,1.67,66,SJF,23.25,10.06,23.5,36.62
13,5.46,5.01,0.917,1,16,3.67,71,SJF,13.15,8.08,13.69,17.54
29,5.17,3.86,0.747,1,13,4.29,150,SJF,15.76,9.07,15.21,44.34
26,5.27,3.9,0.741,2,15,2.16,137,SJF,33.35,23.42,36.58,62.42
23,5.43,4.68,0.861,1,16,5.82,125,SJF,9.26,6.26,8.83,27.26
7,3.57,3.78,1.058,1,12,1.5,25,SJF,3.43,2.14,4.71,8.29
15,5.33,4.56,0.855,1,16,2.43,80,SJF,15.07,8.07,15.93,25.07
13,7.0,5.28,0.754,2,15,2.33,91,SJF,32.08,17.46,30.23,44.46
25,6.32,4.85,0.767,2,15,2.25,158,SJF,47.96,25.28,48.92,81.16
17,6.0,4.46,0.743,1,14,1.25,102,SJF,39.18,22.88,31.41,57.12
11,5.09,4.78,0.94,1,15,3.5,56,SJF,11.45,5.55,8.0,18.91
17,4.76,3.96,0.831,1,15,4.81,81,SJF,7.94,6.41,10.88,29.41
16,6.81,5.1,0.749,2,18,2.07,109,SJF,37.38,24.62,32.94,64.62
12,8.33,6.44,0.773,1,19,4.91,100,SJF,8.58,6.75,11.42,27.83
19,4.89,3.28,0.67,1,13,1.22,93,SJF,34.21,20.84,36.32,71.95
27,5.67,5.41,0.954,1,19,1.27,153,SJF,48.11,28.3,61.56,70.44
9,6.44,4.48,0.694,2,14,2.38,58,SJF,16.33,9.78,13.67,29.89
11,6.55,3.7,0.565,2,12,1.8,72,SJF,23.91,18.18,27.91,47.64
28,5.86,5.49,0.937,1,19,3.04,164,SJF,29.46,16.64,28.07,57.68
22,5.0,4.35,0.871,1,16,1.38,110,SJF,40.27,21.32,42.0,70.91
14,5.64,4.09,0.724,2,13,2.54,79,SJF,22.64,12.14,23.86,37.43
8,7.0,5.1,0.728,1,13,1.14,56,SJF,20.75,15.75,22.0,31.38
9,5.67,4.12,0.728,2,12,1.38,51,SJF,24.33,13.11,19.11,32.78
5,4.0,2.92,0.729,2,9,1.5,20,SJF,6.2,2.2,6.2,8.8
18,4.89,3.68,0.752,2,13,4.06,88,SJF,13.22,7.0,13.78,27.44
9,4.78,3.35,0.7,3,13,3.62,43,SJF,9.22,7.89,8.67,26.44
27,6.0,4.51,0.751,2,16,4.42,162,SJF,21.81,12.44,22.3,52.67
29,6.66,4.97,0.746,1,15,1.86,193,SJF,69.28,36.55,65.66,108.9
30,5.27,4.14,0.785,1,16,1.59,158,SJF,64.4,30.9,56.53,99.1
25,6.28,4.01,0.638,1,14,2.62,157,SJF,42.2,24.64,37.48,91.8
30,4.6,3.17,0.689,2,14,1.83,138,SJF,48.77,28.53,41.17,101.63
18,6.5,5.25,0.808,2,18,1.88,117,SJF,43.5,23.78,38.22,63.06
15,5.33,3.75,0.704,2,14,2.0,80,SJF,23.47,10.73,23.07,38.27
12,4.67,3.98,0.854,2,13,1.55,56,SJF,19.08,8.83,9.0,32.42
26,5.0,3.72,0.744,1,15,1.36,130,SJF,45.23,28.19,48.23,95.08
14,3.21,2.97,0.923,1,13,1.0,45,SJF,10.71,6.36,14.79,25.29
10,4.5,3.75,0.833,2,15,2.44,45,SJF,11.7,7.6,9.1,25.0
18,4.5,3.38,0.752,2,14,1.12,81,SJF,28.0,16.94,30.11,53.22
24,6.62,5.04,0.76,1,17,0.83,159,SJF,71.75,42.33,69.62,111.83
16,3.44,2.78,0.809,1,12,3.53,55,FCFS,4.56,3.69,4.38,21.25
21,6.43,4.58,0.712,2,16,1.35,135,SJF,58.71,29.76,52.33,87.33
6,4.17,4.12,0.989,1,12,2.2,25,SJF,7.5,6.5,6.83,13.5
21,6.43,4.97,0.772,2,16,3.5,135,SJF,30.1,19.76,35.95,61.05
26,5.65,4.5,0.796,2,17,1.56,147,SJF,37.38,26.96,36.38,68.92
28,4.75,3.72,0.783,1,14,3.63,133,SJF,32.57,13.61,23.36,65.64
17,6.12,5.25,0.859,1,19,1.56,104,SJF,40.59,28.35,37.0,62.59
30,5.1,4.63,0.907,1,18,2.14,153,SJF,46.47,19.27,39.9,70.43
9,3.22,0.83,0.259,2,4,1.38,29,SJF,7.33,6.44,7.56,20.22
29,6.55,5.51,0.842,1,17,2.61,190,SJF,55.34,28.14,44.41,92.52
27,6.04,5.18,0.859,1,18,2.73,163,SJF,55.37,25.07,51.37,79.85
23,7.83,5.36,0.684,1,17,1.5,180,SJF,79.17,44.87,65.0,116.57
11,4.73,4.58,0.97,1,16,1.3,52,SJF,13.0,7.64,13.64,27.64
25,5.52,4.22,0.765,2,16,1.75,138,SJF,36.24,22.76,43.12,60.2
19,4.26,3.33,0.781,1,13,3.83,81,FCFS,11.42,8.89,13.95,34.95
21,6.05,5.27,0.871,1,19,4.35,127,SJF,19.0,11.14,15.1,40.71
27,6.33,4.92,0.777,2,16,2.08,171,SJF,45.0,24.78,47.37,78.33
11,4.09,2.66,0.651,1,9,2.5,45,SJF,14.82,7.64,11.09,31.45
5,6.0,5.57,0.928,1,13,3.5,30,SJF,9.0,8.2,8.8,14.6
12,6.5,4.56,0.702,2,14,1.82,78,SJF,25.17,17.42,30.0,41.5
9,6.56,5.2,0.793,2,18,1.88,59,SJF,13.22,7.89,15.33,25.89
12,5.92,3.63,0.613,1,12,2.73,71,SJF,25.25,14.5,26.17,50.08
27,5.52,4.53,0.82,1,17,1.85,149,SJF,61.96,27.04,46.59,81.56
25,5.72,4.47,0.781,1,14,3.12,143,SJF,41.48,19.84,42.08,72.0
13,4.46,4.37,0.98,1,16,1.42,58,SJF,26.69,9.31,25.31,33.0
15,4.47,4.17,0.934,1,17,1.0,67,SJF,20.87,14.33,19.93,39.67
16,5.12,5.18,1.01,1,17,2.6,82,SJF,15.56,12.19,25.81,28.62
12,6.5,5.95,0.915,1,20,1.64,78,SJF,28.58,12.83,34.17,39.42
9,4.56,2.65,0.582,2,11,1.12,41,SJF,13.78,9.78,14.78,29.67
12,7.08,5.45,0.77,2,14,1.91,85,SJF,38.25,18.5,31.75,48.0
25,5.36,4.66,0.87,1,17,1.08,134,SJF,52.88,31.08,62.44,72.84
11,6.09,5.09,0.835,2,17,3.0,67,SJF,14.45,10.09,18.27,27.09
11,6.36,5.52,0.867,1,19,2.6,70,SJF,8.36,6.55,8.0,21.55
21,5.52,4.63,0.839,1,16,2.25,116,SJF,37.29,17.29,34.48,58.71
14,5.57,4.69,0.841,2,15,1.31,78,SJF,25.36,12.36,29.0,36.79
18,5.78,5.08,0.88,1,17,2.18,104,SJF,34.94,20.11,38.83,49.78
14,3.71,2.52,0.68,1,11,2.54,52,SJF,9.71,6.93,10.71,24.71
14,3.36,2.06,0.614,1,9,3.69,47,SJF,5.5,3.5,4.79,14.07
22,5.68,4.76,0.839,1,19,2.81,125,SJF,34.73,16.64,30.14,56.32
9,5.67,5.41,0.954,1,16,2.75,51,SJF,5.0,4.89,7.44,16.56
26,5.12,3.61,0.707,2,14,2.32,133,SJF,42.96,21.31,30.96,68.85
18,6.56,6.01,0.917,2,19,1.24,118,SJF,46.44,21.89,44.06,62.11
15,4.0,2.9,0.726,1,12,2.43,60,SJF,14.4,10.13,12.4,27.07
21,5.81,4.92,0.846,1,16,1.8,122,SJF,44.1,26.19,49.33,67.1
15,6.4,5.34,0.835,2,16,3.71,96,SJF,28.0,11.6,18.07,42.8
22,6.05,4.9,0.811,1,18,1.43,133,SJF,61.45,34.73,54.14,84.77
10,3.7,2.75,0.743,1,11,0.89,37,SJF,9.2,7.9,12.1,23.6
6,4.67,1.75,0.375,3,8,4.2,28,Priority,1.33,1.33,1.0,9.5
11,4.73,4.38,0.927,1,13,2.1,52,SJF,13.91,6.82,16.45,22.82
29,6.34,5.25,0.827,1,17,4.68,184,SJF,29.69,16.52,27.45,64.28
18,7.0,4.2,0.6,1,15,2.29,126,SJF,42.89,27.61,42.61,67.67
12,5.08,4.64,0.913,1,17,1.45,61,SJF,23.17,9.42,23.08,28.33
24,4.42,3.41,0.773,1,15,1.91,106,SJF,16.08,13.25,20.25,49.88
12,7.08,5.99,0.846,2,17,1.18,85,SJF,32.08,15.25,39.75,43.92
30,5.13,5.05,0.984,1,17,3.69,154,SJF,30.13,14.27,40.87,58.0
7,6.14,5.4,0.879,3,15,2.5,43,SJF,17.14,10.29,17.14,18.14
23,4.83,4.72,0.977,1,17,1.77,111,SJF,44.0,19.78,28.78,68.22
8,6.0,4.34,0.724,2,15,1.0,48,SJF,16.0,10.75,21.75,30.75
18,6.89,5.4,0.784,1,18,2.82,124,SJF,38.44,21.83,41.0,61.67
24,5.0,3.54,0.708,2,18,3.09,120,SJF,19.83,11.92,24.42,68.88
15,5.07,4.4,0.868,1,17,1.43,76,SJF,30.87,18.07,25.4,43.67
27,6.15,5.04,0.819,1,17,1.92,166,SJF,57.89,28.48,67.44,87.0
25,5.72,4.26,0.744,2,15,2.04,143,SJF,32.08,22.2,44.96,65.4
23,7.96,4.7,0.591,2,16,1.73,183,SJF,75.3,43.83,72.09,121.48
19,6.58,4.41,0.671,1,17,2.67,125,SJF,36.79,20.84,32.32,68.0
5,5.6,5.94,1.061,1,15,2.5,28,FCFS,1.6,1.6,1.6,5.4
6,4.17,2.56,0.615,2,9,3.8,25,FCFS,3.83,3.83,3.83,8.83
29,5.38,4.13,0.767,2,15,4.07,156,SJF,34.69,20.03,32.86,64.24
10,6.1,4.36,0.714,1,12,1.11,61,SJF,18.0,12.3,20.3,31.5
22,5.32,4.09,0.768,1,13,2.52,117,SJF,41.36,20.0,40.82,65.91
9,7.11,5.35,0.752,1,16,1.5,64,SJF,14.67,13.67,16.89,26.22
15,5.93,4.37,0.736,1,13,0.79,89,SJF,48.13,27.07,37.67,60.27
30,6.4,4.82,0.753,2,17,1.62,192,SJF,77.77,44.3,81.37,118.3
25,5.2,3.77,0.726,1,12,3.5,130,SJF,25.76,13.84,27.6,48.2
5,10.0,5.7,0.57,3,16,2.25,50,SJF,11.6,10.8,16.0,22.8
19,6.0,4.45,0.741,1,16,2.17,114,SJF,35.16,20.53,38.68,62.42
6,5.83,4.07,0.698,2,11,1.6,35,FCFS,6.17,6.0,7.0,15.83
28,6.64,4.6,0.693,1,15,1.3,186,SJF,78.43,46.43,75.96,115.32
14,5.0,4.02,0.804,2,14,3.54,70,SJF,16.36,9.14,13.86,31.14
13,4.46,2.96,0.664,1,11,2.75,58,FCFS,13.69,11.92,13.62,37.31
17,5.71,4.01,0.703,1,12,1.06,97,SJF,47.06,24.88,44.76,75.06
11,6.36,4.46,0.7,2,14,2.7,70,SJF,21.73,11.0,24.82,37.18
30,6.53,4.8,0.734,2,18,3.03,196,SJF,44.4,25.37,59.0,90.53
20,5.05,3.24,0.641,1,13,2.05,101,SJF,22.45,15.6,23.45,50.35
28,4.43,4.1,0.925,1,17,1.44,124,SJF,30.96,18.68,33.11,66.82
12,5.5,3.99,0.725,1,13,3.09,66,SJF,9.33,6.67,7.83,24.33
20,4.6,3.59,0.78,1,16,3.58,92,SJF,12.9,8.25,14.4,42.05
23,5.48,4.2,0.766,1,15,1.5,126,SJF,32.87,22.48,40.22,61.09
18,5.11,3.82,0.747,2,14,1.12,92,SJF,37.67,20.56,34.5,61.11
11,6.27,4.84,0.771,1,17,2.7,69,SJF,18.09,11.55,17.55,35.45
11,5.09,4.01,0.788,2,15,1.6,56,SJF,16.55,9.91,14.45,24.73
21,5.43,4.37,0.804,1,16,1.3,114,SJF,33.0,21.95,32.9,57.38
10,9.0,6.82,0.757,2,20,1.11,90,SJF,28.6,18.8,40.9,47.3
17,5.76,4.74,0.822,2,17,1.62,98,SJF,25.88,19.06,27.53,38.35
12,4.33,3.58,0.825,1,13,2.82,52,SJF,6.58,6.08,8.75,18.0
25,4.0,2.4,0.599,2,11,1.62,100,SJF,24.52,16.6,24.36,58.92
15,5.2,3.99,0.766,1,13,3.86,78,SJF,20.67,12.0,16.27,39.8
17,7.35,5.15,0.7,2,18,1.44,125,SJF,42.47,27.59,41.41,70.0
13,6.69,5.15,0.77,2,17,2.5,87,SJF,25.0,17.85,26.69,38.77
21,6.24,4.4,0.706,1,15,2.1,131,SJF,47.38,29.19,49.38,83.48
23,6.04,5.39,0.892,1,17,3.32,139,SJF,39.35,19.04,50.43,63.48
21,4.95,3.84,0.775,2,18,2.2,104,SJF,26.71,15.0,17.38,60.76
27,4.67,4.17,0.893,2,19,0.96,126,SJF,46.78,25.78,55.33,82.19
5,2.6,1.14,0.439,1,4,2.25,13,SJF,2.2,2.0,2.0,11.2
13,5.15,4.12,0.799,1,14,0.92,67,SJF,32.15,21.0,34.54,45.69
14,5.57,4.11,0.737,2,16,3.92,78,SJF,17.79,8.79,17.93,30.5
6,4.5,2.74,0.609,3,10,2.2,27,FCFS,6.67,6.33,6.5,16.83
6,3.33,1.03,0.31,2,5,1.0,20,SJF,5.67,4.5,4.83,15.0
24,6.79,5.35,0.788,2,18,1.74,163,SJF,63.83,37.42,61.71,97.67
11,4.09,3.59,0.878,1,14,1.1,45,SJF,12.27,7.27,9.36,23.82
28,5.11,3.97,0.777,1,16,2.89,143,SJF,22.79,14.61,18.32,52.0
29,6.14,5.17,0.843,1,16,2.89,178,SJF,48.07,22.52,45.48,75.79
5,6.8,5.22,0.767,4,16,1.0,34,SJF,12.4,7.6,10.0,22.2
15,4.6,3.52,0.766,2,13,5.14,69,SJF,9.27,5.73,8.8,16.27
10,5.2,4.24,0.815,2,13,1.11,52,FCFS,15.6,15.5,19.8,22.8
22,5.64,4.66,0.826,2,18,2.05,124,SJF,39.59,20.23,30.41,58.41
17,7.29,4.88,0.669,1,16,2.5,124,SJF,42.12,24.94,33.59,65.71
13,5.31,5.09,0.959,1,17,1.0,69,SJF,30.85,21.46,29.85,37.85
14,4.0,2.54,0.635,1,12,2.92,56,SJF,11.29,6.93,10.43,31.43
6,4.5,3.21,0.713,3,11,2.8,27,FCFS,8.67,8.0,8.0,18.83
22,4.86,4.43,0.911,1,16,2.19,107,SJF,35.18,19.59,33.77,59.73
6,9.33,6.59,0.706,3,16,2.4,56,SJF,22.0,15.5,21.0,27.67
28,5.61,4.85,0.865,1,19,1.3,157,SJF,62.79,35.64,61.5,88.21
6,8.17,5.78,0.707,2,15,2.2,49,Priority,15.17,12.17,12.0,22.5
16,4.5,3.31,0.735,2,13,5.0,72,Priority,5.5,3.94,4.19,18.94
21,5.86,5.04,0.861,1,16,2.6,123,SJF,33.9,16.24,37.43,55.62
14,5.0,4.19,0.838,1,14,1.08,70,SJF,31.5,18.07,24.36,51.14
21,5.86,4.34,0.741,1,15,1.45,123,SJF,50.24,26.48,39.76,75.05
11,3.64,1.96,0.54,2,9,1.6,40,SJF,11.45,6.73,9.64,27.91
7,2.86,0.9,0.315,2,4,1.0,20,SJF,4.86,3.86,5.43,20.57
26,5.46,4.68,0.858,1,16,1.24,142,SJF,56.81,32.35,73.88,73.54
12,6.58,3.9,0.592,2,14,0.91,79,SJF,30.67,19.75,29.0,50.0
19,5.16,4.66,0.903,1,16,1.39,98,SJF,37.21,16.53,40.58,53.68
19,5.05,4.61,0.913,1,15,1.78,96,SJF,26.26,12.53,20.37,38.53
13,5.08,4.46,0.879,1,15,1.42,66,SJF,23.08,9.69,24.23,26.54
26,5.62,4.23,0.754,2,13,1.72,146,SJF,50.23,30.35,55.69,84.62
5,5.0,5.24,1.049,1,14,0.75,25,SJF,10.0,4.6,9.2,14.4
24,5.29,4.26,0.805,1,14,1.22,127,SJF,50.04,24.88,47.25,69.33
27,6.41,3.92,0.613,1,14,1.35,173,SJF,67.63,39.48,62.52,117.22
9,4.0,3.28,0.82,1,11,1.62,36,SJF,5.89,4.33,5.56,16.33
21,5.95,4.73,0.794,2,16,4.95,125,FCFS,7.62,6.24,9.38,20.81
28,6.07,5.0,0.823,1,18,2.56,170,SJF,40.39,23.57,53.57,75.39
27,4.78,4.19,0.877,1,18,1.65,129,SJF,39.33,19.22,37.19,76.44
25,6.48,4.67,0.721,1,14,4.79,162,FCFS,20.8,12.12,20.24,55.88
30,5.27,3.86,0.733,1,15,1.45,158,SJF,50.03,30.23,45.53,91.8
20,7.8,5.47,0.702,2,20,1.0,156,SJF,62.55,42.5,72.3,90.45
15,8.4,5.42,0.645,1,15,1.5,126,SJF,52.93,34.8,48.07,83.8
7,4.0,4.93,1.233,1,15,4.67,28,FCFS,1.43,1.43,1.43,2.57
6,2.67,0.82,0.306,2,4,6.6,16,FCFS,0.17,0.17,0.17,2.83
14,6.43,5.58,0.869,1,16,1.62,90,SJF,32.0,20.29,24.36,47.36
28,5.64,4.4,0.78,2,15,2.89,158,SJF,37.21,18.82,34.29,61.11
26,5.81,4.49,0.773,2,15,2.24,151,SJF,53.96,29.5,56.81,84.42
13,6.23,4.92,0.789,2,18,1.83,81,SJF,18.15,14.15,22.85,38.46
15,4.27,3.28,0.77,1,12,2.21,64,SJF,20.6,14.0,18.93,41.93
28,4.61,3.71,0.804,1,16,2.19,129,SJF,27.21,13.68,29.93,60.36
14,7.14,4.97,0.696,2,14,6.38,100,FCFS,16.21,10.86,19.57,31.79
7,4.86,5.84,1.203,2,18,1.0,34,SJF,8.86,4.71,11.0,13.86
19,5.05,4.64,0.918,1,18,2.56,96,SJF,16.79,12.05,27.32,36.95
9,5.0,4.61,0.922,2,15,1.0,45,SJF,7.11,6.56,10.0,20.0
11,6.18,4.51,0.73,2,15,2.1,68,SJF,19.55,14.45,22.36,37.73
7,6.14,3.8,0.619,2,12,4.0,43,SJF,3.57,3.14,4.57,12.71
9,5.56,4.88,0.878,2,15,3.62,50,FCFS,7.56,7.33,12.11,18.56
23,4.7,4.33,0.923,1,16,2.59,108,SJF,22.83,10.61,18.78,46.3
5,5.2,3.96,0.762,2,12,0.75,26,SJF,9.6,4.6,9.6,13.0
14,5.93,4.32,0.729,2,14,0.92,83,SJF,33.64,18.79,30.93,48.29
21,6.52,4.66,0.715,2,15,1.75,137,SJF,37.76,23.62,50.24,74.19
30,6.13,4.56,0.744,2,16,1.86,184,SJF,74.23,41.73,79.63,110.13
12,5.5,4.34,0.789,2,15,4.36,66,SJF,3.42,3.25,3.33,13.17
14,4.71,4.92,1.044,1,19,1.69,66,SJF,23.86,17.93,24.57,35.29
6,5.67,5.57,0.984,2,16,2.8,34,SJF,8.0,3.67,8.33,11.0
28,5.71,4.69,0.821,1,18,3.3,160,SJF,40.07,16.75,30.64,67.43
25,6.4,6.01,0.94,1,20,2.5,160,SJF,50.88,24.2,53.8,76.12
18,3.61,2.28,0.631,1,12,2.12,65,SJF,11.22,9.56,13.72,34.61
26,4.96,4.3,0.867,2,18,2.84,129,SJF,38.08,13.58,32.96,64.12
30,4.53,3.76,0.829,1,17,1.66,136,SJF,32.6,25.33,34.17,75.5
22,5.14,3.48,0.678,2,15,1.19,113,SJF,43.45,26.0,48.95,69.77
27,6.26,4.65,0.742,1,17,2.08,169,SJF,43.48,25.11,40.15,78.81
29,4.79,3.87,0.807,1,14,4.5,139,FCFS,17.21,9.03,18.34,64.79
20,4.95,4.21,0.851,1,17,1.16,99,SJF,34.75,18.85,34.65,65.85
16,4.88,4.26,0.873,2,16,1.53,78,SJF,25.56,11.06,27.81,42.5
26,7.15,5.63,0.787,1,18,2.84,186,SJF,65.04,34.08,59.15,89.15
22,5.14,4.37,0.85,1,15,1.05,113,SJF,48.0,22.32,40.86,64.82
25,4.72,4.3,0.91,2,16,3.88,118,SJF,14.84,6.92,15.32,26.6
15,6.27,4.8,0.766,1,15,2.07,94,SJF,25.67,14.6,32.4,43.47
24,5.0,4.4,0.881,1,19,1.35,120,SJF,34.54,17.46,37.08,65.12
14,7.79,5.18,0.665,2,15,5.62,109,SJF,24.86,16.21,27.21,47.79
12,3.58,1.83,0.511,1,7,2.55,43,Priority,7.92,5.58,6.5,19.92
8,6.88,4.64,0.675,2,13,1.14,55,SJF,21.88,15.25,18.75,34.5
29,5.97,4.31,0.722,1,15,3.11,173,SJF,51.31,25.28,42.31,89.79
28,6.29,5.37,0.855,1,17,1.74,176,SJF,67.61,34.04,68.46,97.36
26,6.27,4.96,0.791,1,17,1.64,163,SJF,56.88,28.77,59.54,86.42
21,7.0,4.99,0.713,1,16,3.6,147,SJF,42.57,20.71,38.81,65.95
26,4.54,2.61,0.575,2,11,1.44,118,SJF,38.08,24.35,32.31,86.88
13,5.62,4.56,0.811,2,14,2.67,73,SJF,21.0,11.46,21.46,31.23
14,5.93,3.58,0.604,2,13,4.0,83,SJF,15.57,8.5,14.93,37.43
19,5.0,3.84,0.769,1,14,1.72,95,SJF,27.21,20.63,35.74,59.16
8,6.0,5.07,0.845,1,13,2.29,48,SJF,10.62,7.88,9.88,19.5
30,6.0,4.53,0.756,2,15,2.62,180,FCFS,40.83,26.57,53.43,81.97
15,6.07,4.22,0.695,2,15,2.29,91,SJF,22.93,15.2,25.07,41.6
20,7.3,5.24,0.718,2,15,1.21,146,SJF,61.05,33.5,57.05,84.95
8,7.38,6.89,0.934,2,19,1.43,59,SJF,18.62,9.12,24.25,22.75
18,4.11,3.79,0.921,1,16,3.29,74,SJF,7.06,5.0,9.06,23.67
24,7.21,5.39,0.748,2,17,1.91,173,SJF,61.96,35.96,53.92,90.12
19,7.0,5.42,0.774,2,19,4.39,133,SJF,25.53,13.58,17.79,42.58
17,5.82,4.14,0.711,2,14,2.06,99,SJF,19.71,15.94,26.06,46.53
26,5.85,3.86,0.661,1,13,1.8,152,SJF,43.69,33.23,45.04,82.62
20,5.0,4.77,0.954,1,15,2.58,100,SJF,27.5,10.4,23.85,50.95
25,5.84,4.43,0.759,1,16,1.46,146,SJF,53.36,31.44,55.96,84.16
21,6.81,4.8,0.705,2,16,1.5,143,SJF,49.14,33.05,57.1,87.71
27,6.26,4.73,0.755,2,18,3.0,169,SJF,49.0,29.11,49.41,82.19
12,6.0,5.34,0.89,1,16,3.36,72,SJF,14.75,9.92,11.33,23.75
15,7.53,5.37,0.713,2,16,2.36,113,SJF,33.33,21.4,37.47,54.2
27,5.37,4.27,0.795,1,15,4.81,145,FCFS,16.67,8.33,14.04,34.85
17,5.82,4.5,0.773,1,15,2.06,99,SJF,32.41,19.41,32.82,53.24
20,5.45,4.5,0.826,2,16,2.32,109,SJF,34.45,16.5,31.35,55.1
29,5.34,4.3,0.805,1,15,1.18,155,SJF,60.83,31.48,52.24,88.0
23,5.74,4.54,0.792,2,18,1.73,132,SJF,39.26,22.48,35.3,72.39
12,9.5,5.3,0.558,2,16,4.27,114,SJF,33.08,23.08,37.92,53.33
21,6.43,4.97,0.772,2,16,4.65,135,SJF,26.9,12.67,23.29,51.52
11,6.55,5.45,0.832,1,17,2.6,72,SJF,17.27,9.55,19.64,29.55
12,5.58,4.42,0.792,2,15,1.82,67,SJF,24.08,13.42,25.5,36.83
27,7.04,5.12,0.727,1,16,1.12,190,SJF,75.19,43.63,62.93,108.67
13,4.31,3.92,0.911,1,17,2.75,56,SJF,9.54,4.08,6.23,21.0
5,6.0,4.3,0.717,2,13,3.25,30,SJF,8.0,7.2,9.4,18.8
19,4.95,4.94,0.998,1,17,3.72,94,SJF,19.89,9.37,19.58,39.68
5,7.8,4.32,0.554,3,13,0.5,39,SJF,10.6,9.2,13.6,19.2
30,7.23,4.64,0.641,2,16,1.45,217,SJF,88.27,51.03,90.5,138.13
18,4.61,3.26,0.706,1,12,2.29,83,SJF,15.44,9.44,18.11,41.44
11,5.18,3.46,0.667,2,12,1.7,57,SJF,21.55,10.27,18.91,31.73
10,4.8,4.54,0.946,1,14,1.44,48,SJF,12.3,6.9,11.9,21.2
26,6.88,5.19,0.753,2,18,1.08,179,SJF,65.77,40.96,73.12,106.69
9,7.44,5.55,0.745,2,17,1.62,67,SJF,20.78,11.56,20.0,28.78
16,6.0,4.18,0.697,2,14,1.33,96,SJF,33.25,20.38,45.44,56.06
19,5.84,5.33,0.912,2,18,1.33,111,SJF,36.26,21.42,48.89,53.68
28,6.89,4.67,0.677,2,19,1.56,193,SJF,71.07,42.93,76.39,124.54
25,4.92,3.88,0.789,1,18,1.62,123,SJF,38.08,21.48,43.44,72.84
12,4.5,3.75,0.834,1,14,0.82,54,SJF,19.17,10.33,22.25,34.25
27,7.07,4.27,0.603,1,15,1.54,191,SJF,72.48,46.52,70.56,113.56
25,6.8,5.01,0.737,1,16,4.54,170,SJF,44.72,24.4,37.76,92.72
26,5.85,4.44,0.76,1,16,3.12,152,SJF,32.73,17.5,33.62,60.31
27,5.33,4.27,0.801,1,14,3.12,144,SJF,18.37,12.81,21.11,45.11
10,5.7,5.52,0.968,1,15,3.78,57,SJF,22.1,11.8,23.2,28.9
26,4.96,3.33,0.671,1,12,1.8,129,SJF,42.38,22.38,34.12,89.08
15,6.27,4.83,0.771,2,14,3.93,94,SJF,11.47,8.6,12.47,26.07
9,5.89,4.34,0.737,2,13,2.62,53,SJF,11.0,7.11,13.78,21.89
23,6.91,4.84,0.7,1,17,1.45,159,SJF,50.74,33.7,61.96,92.74
17,5.88,5.46,0.929,2,22,3.81,100,SJF,22.53,13.18,18.29,36.88
17,6.06,5.17,0.853,2,18,3.62,103,SJF,21.94,10.94,31.0,40.41
30,3.9,2.25,0.577,1,13,1.66,117,SJF,32.5,20.37,27.83,82.63
16,4.75,3.8,0.801,1,15,2.8,76,SJF,18.81,9.75,14.25,36.06
30,6.33,5.09,0.804,1,17,2.59,190,SJF,61.67,30.3,57.03,99.9
17,5.35,4.74,0.886,1,15,1.25,91,SJF,28.35,15.76,24.59,44.47
23,4.65,3.86,0.829,1,14,1.23,107,SJF,33.57,18.74,51.09,63.65
17,5.82,5.19,0.891,1,16,1.69,99,SJF,40.18,19.82,29.76,49.71
11,5.18,4.05,0.781,1,13,4.1,57,SJF,4.45,3.82,4.09,12.27
14,6.21,4.77,0.768,2,14,1.85,87,SJF,32.93,18.5,38.79,45.43
10,4.1,2.51,0.613,1,9,2.56,41,FCFS,6.8,5.7,6.3,21.1
30,6.1,5.36,0.88,2,20,3.48,183,SJF,44.37,19.1,27.53,72.97
8,3.62,2.33,0.642,2,9,1.43,29,SJF,8.38,8.0,9.38,20.0
15,8.27,5.2,0.629,2,15,2.79,124,SJF,36.8,22.93,30.87,59.13
6,7.17,5.38,0.751,1,15,2.0,43,SJF,11.5,8.33,13.33,18.33
25,7.36,4.66,0.634,2,17,3.96,184,SJF,48.08,28.64,42.16,92.32
15,4.2,3.71,0.883,1,13,2.0,63,SJF,11.07,5.73,14.73,27.2
11,6.55,4.68,0.715,1,14,1.3,72,SJF,26.82,14.36,25.18,44.73
30,4.9,4.29,0.876,1,15,4.31,147,SJF,17.87,10.1,19.1,61.3
21,5.71,4.14,0.724,2,13,3.6,120,SJF,17.05,12.1,23.62,43.19
26,5.31,4.95,0.932,1,19,1.2,138,SJF,65.19,26.88,58.27,82.69
22,5.0,4.2,0.84,1,16,1.19,110,SJF,33.36,18.64,34.23,63.09
24,5.17,4.17,0.806,1,15,1.3,124,SJF,43.96,24.96,42.67,64.88
26,6.31,4.88,0.774,2,20,4.4,164,SJF,31.85,16.73,28.04,65.38
18,4.61,3.63,0.788,2,18,1.71,83,SJF,31.11,14.94,29.83,60.0
12,4.92,4.58,0.932,1,16,2.27,59,SJF,13.92,6.67,16.33,26.0
14,5.21,4.17,0.8,2,14,3.08,73,SJF,18.79,9.0,23.14,32.93
20,6.85,5.5,0.803,2,19,1.16,137,SJF,52.95,28.65,47.6,73.85
25,4.92,4.02,0.817,1,16,3.62,123,SJF,16.28,7.8,15.12,43.36
21,6.1,4.93,0.809,1,18,1.5,128,SJF,43.24,32.33,53.81,73.24
17,5.53,4.61,0.834,1,15,0.81,94,SJF,38.47,19.47,51.0,53.24
15,5.73,4.95,0.863,2,15,3.43,86,SJF,17.27,11.13,26.73,29.07
28,5.79,4.52,0.782,1,18,3.44,162,SJF,39.14,19.64,42.43,75.14
27,5.67,4.6,0.812,1,16,1.85,153,SJF,48.67,28.74,60.56,81.11
26,4.15,3.04,0.732,1,13,1.24,108,SJF,36.0,19.88,36.81,73.92
22,5.36,3.62,0.675,1,12,1.1,118,SJF,42.82,26.82,50.59,72.14
11,6.55,5.3,0.809,1,15,2.6,72,SJF,18.0,14.27,30.27,30.64
24,6.29,4.42,0.702,2,16,1.65,151,SJF,60.38,31.92,57.33,100.17
30,5.43,4.92,0.906,1,20,1.31,163,SJF,71.27,41.67,62.93,94.47
22,6.55,4.97,0.76,1,18,2.14,144,SJF,53.82,32.59,51.55,88.05
13,3.54,3.33,0.942,1,14,3.92,46,SJF,4.69,4.08,4.77,15.08
16,4.25,2.91,0.685,1,11,1.67,68,SJF,18.62,11.38,23.12,40.44
18,8.06,5.72,0.711,1,19,2.12,145,SJF,46.67,27.17,42.11,79.0
19,4.47,3.49,0.779,1,12,1.06,85,SJF,22.47,15.05,26.84,50.05
15,4.53,4.45,0.982,1,14,1.36,68,SJF,22.87,9.13,25.73,32.13
23,5.7,4.58,0.804,1,17,1.91,131,SJF,48.87,22.65,47.48,71.91
15,4.67,3.66,0.784,1,13,0.93,70,SJF,23.53,14.73,21.4,47.6
5,8.0,4.69,0.586,2,12,5.25,40,FCFS,4.4,4.4,4.4,10.2
17,6.35,5.31,0.837,2,15,2.56,108,SJF,33.59,14.71,29.88,52.12
23,5.35,4.62,0.864,1,16,2.73,123,SJF,23.65,14.04,20.04,37.83
26,5.19,3.67,0.706,1,14,3.48,135,SJF,30.92,15.15,24.65,63.58
25,5.52,4.75,0.861,2,16,1.54,138,SJF,37.84,23.12,41.68,64.92
19,6.05,4.68,0.774,2,16,2.33,115,SJF,35.84,19.58,34.63,59.42
23,6.09,4.61,0.758,2,17,4.27,140,SJF,21.83,12.43,25.09,56.3
14,4.93,4.07,0.825,1,15,2.23,69,SJF,12.5,8.21,14.64,31.36
25,4.92,4.18,0.85,1,15,4.42,123,SJF,8.96,7.04,7.56,34.08
5,3.8,0.84,0.22,3,5,1.75,19,SJF,3.0,2.8,3.0,10.6
8,8.5,5.5,0.647,3,15,1.57,68,SJF,27.62,18.12,24.0,37.88
23,5.04,4.2,0.834,2,14,2.18,116,SJF,42.87,16.17,38.26,57.17
19,5.47,4.36,0.797,2,18,1.17,104,SJF,34.79,22.0,31.79,56.21
10,6.2,4.59,0.74,2,14,2.22,62,FCFS,12.5,12.3,19.7,28.3
26,5.46,4.75,0.87,1,17,1.96,142,SJF,52.88,21.73,44.81,76.54
26,5.96,4.38,0.734,2,14,2.04,155,SJF,50.46,25.85,44.08,77.12
9,6.11,5.09,0.832,1,16,3.25,55,SJF,17.78,12.56,15.56,28.78
26,4.08,3.31,0.812,1,14,1.32,106,SJF,32.62,17.88,40.73,64.04
27,6.33,4.43,0.699,2,17,3.73,171,SJF,21.04,13.89,32.07,61.44
26,3.65,2.88,0.789,2,15,2.12,95,SJF,10.5,6.92,16.54,38.85
7,6.86,7.1,1.036,2,21,0.83,48,SJF,9.29,6.71,15.57,16.43
15,5.93,4.4,0.741,1,15,4.5,89,SJF,9.13,6.2,8.73,21.47
29,4.83,4.46,0.925,1,20,1.46,140,SJF,45.34,28.76,46.9,86.66
26,5.15,4.22,0.819,1,16,2.48,134,SJF,32.54,18.96,35.65,58.31
16,6.0,5.14,0.856,2,15,2.6,96,SJF,24.75,12.31,23.81,37.12
21,4.81,3.78,0.785,1,15,2.55,101,SJF,20.0,12.38,26.71,55.05
26,4.38,2.95,0.674,1,12,2.44,114,SJF,34.38,20.5,29.15,73.69
19,5.42,4.19,0.774,2,15,1.22,103,SJF,40.89,28.74,38.68,59.32
23,4.26,4.09,0.96,1,16,2.45,98,SJF,24.3,10.35,25.3,43.7
5,6.0,6.28,1.047,2,17,3.25,30,FCFS,3.8,3.8,3.8,7.2
6,4.5,4.72,1.049,2,14,7.0,27,FCFS,0.33,0.33,0.33,2.67
10,6.5,5.21,0.802,2,16,7.33,65,SJF,17.8,11.1,12.9,31.8
29,5.52,3.68,0.667,1,13,1.79,160,SJF,50.31,30.76,56.28,91.14
25,7.88,5.43,0.689,2,19,3.17,197,SJF,51.24,32.32,50.16,84.16
7,2.71,0.95,0.35,1,4,1.33,19,SJF,5.29,3.71,4.71,20.29
7,6.43,6.75,1.051,2,20,1.83,45,SJF,5.86,4.29,9.43,13.0
10,3.2,0.92,0.287,2,5,6.11,32,FCFS,0.2,0.2,0.2,5.6
25,5.8,3.95,0.681,2,16,3.21,145,SJF,18.96,13.24,20.72,48.88
15,5.4,4.4,0.816,2,15,3.14,81,SJF,25.8,9.47,23.27,38.2
13,7.31,5.68,0.777,3,20,0.92,95,SJF,39.46,22.92,25.54,48.62
19,4.47,3.26,0.728,2,14,1.28,85,SJF,27.58,20.95,28.26,58.32
12,6.58,6.22,0.944,1,17,1.09,79,SJF,32.42,14.83,26.83,34.75
27,5.26,4.63,0.88,1,15,1.0,142,SJF,53.3,27.59,45.48,76.7
16,5.0,4.5,0.9,2,17,2.67,80,SJF,13.88,6.81,14.62,33.38
23,6.26,5.01,0.8,1,16,1.36,144,SJF,50.0,30.22,50.13,78.09
21,5.57,4.12,0.739,1,14,2.25,117,SJF,37.43,21.0,40.57,67.05
23,6.13,4.98,0.812,1,16,2.64,141,SJF,45.22,26.13,41.35,77.78
11,6.55,5.13,0.783,2,16,1.9,72,SJF,25.27,13.09,27.09,38.45
10,4.0,3.5,0.874,2,11,4.0,40,SJF,5.5,4.4,6.7,11.9
5,2.4,1.34,0.559,1,4,5.75,12,FCFS,0.2,0.2,0.2,4.2
17,7.65,5.6,0.732,1,16,2.19,130,SJF,43.59,27.24,47.12,64.76
8,8.75,6.73,0.77,2,19,0.86,70,SJF,24.88,16.5,25.25,35.62
25,5.32,3.77,0.709,1,14,4.25,133,SJF,20.84,10.32,20.28,48.6
10,5.7,4.55,0.798,2,14,1.67,57,SJF,12.4,9.9,14.4,23.4
24,5.83,4.23,0.725,2,16,3.35,140,SJF,28.88,15.83,28.12,53.12
10,6.3,5.21,0.827,2,18,4.56,63,SJF,7.4,5.2,5.4,19.0
9,9.22,6.0,0.65,2,17,0.88,83,SJF,34.56,23.78,28.89,53.0
25,4.92,3.66,0.744,2,15,2.67,123,SJF,36.88,18.64,30.52,78.0
29,5.07,4.37,0.863,1,15,4.5,147,SJF,18.45,9.28,18.28,44.69
17,5.88,3.77,0.641,1,15,1.44,100,SJF,40.53,24.47,31.76,68.88
19,5.37,4.46,0.831,1,16,4.83,102,SJF,10.63,8.16,10.16,30.26
11,3.18,1.17,0.367,1,5,1.3,35,FCFS,9.0,7.55,9.36,23.64
12,3.75,3.31,0.882,1,12,1.27,45,SJF,18.25,6.58,12.08,29.08
7,7.29,6.1,0.838,2,18,1.0,51,SJF,27.57,15.29,22.71,27.57
19,4.42,4.1,0.927,1,15,2.83,84,SJF,16.74,8.16,15.32,31.68
12,5.0,5.13,1.027,1,18,2.55,60,SJF,4.33,4.25,6.58,18.83
7,7.86,7.38,0.939,1,17,3.33,55,SJF,15.71,8.57,13.14,22.29
6,3.0,1.26,0.422,2,5,4.2,18,SJF,1.67,1.33,1.67,6.17
27,4.56,3.18,0.698,1,13,5.38,123,FCFS,5.81,4.41,5.07,29.37
15,5.2,4.75,0.914,1,17,1.36,78,SJF,23.67,12.87,22.6,36.53
20,5.85,4.83,0.825,1,16,3.84,117,SJF,21.65,10.6,26.55,39.85
15,7.87,4.91,0.624,2,16,1.71,118,SJF,47.8,34.8,44.07,74.8
13,3.69,3.01,0.815,1,11,3.33,48,SJF,6.54,3.62,3.85,18.77
29,6.76,4.4,0.652,1,15,4.0,196,SJF,22.79,16.48,21.38,73.21
8,6.75,5.18,0.767,2,17,1.29,54,SJF,10.88,9.75,14.88,26.75
18,6.06,4.37,0.722,2,14,0.65,109,SJF,48.0,33.28,41.56,72.61
22,6.32,5.5,0.87,1,19,2.1,139,SJF,39.95,20.14,47.68,61.82
17,5.29,4.79,0.905,1,14,1.56,90,SJF,24.29,14.41,25.88,35.71
16,5.0,4.76,0.952,1,18,1.73,80,SJF,21.06,10.81,17.0,43.0
16,5.5,4.77,0.868,1,18,1.6,88,SJF,37.25,25.31,38.31,46.81
7,5.43,3.15,0.581,3,10,3.17,38,FCFS,9.0,9.0,9.86,23.43
17,4.71,3.67,0.78,1,13,1.56,80,SJF,28.65,15.82,31.41,55.59
20,6.15,4.87,0.792,1,17,3.89,123,SJF,32.35,14.8,35.3,56.85
29,5.38,4.76,0.885,1,17,2.46,156,SJF,48.93,24.31,44.45,72.0
20,4.35,2.94,0.677,2,12,1.84,87,SJF,25.45,17.05,23.65,60.65
27,5.33,3.82,0.717,2,14,2.54,144,SJF,41.07,22.44,36.19,74.33
10,5.7,5.27,0.925,2,16,2.56,57,SJF,10.8,4.7,10.0,15.2
19,7.11,5.35,0.753,2,21,1.56,135,SJF,46.58,26.26,58.58,63.58
17,4.71,4.86,1.032,1,17,4.75,80,SJF,6.59,5.06,5.71,15.35
14,4.36,3.82,0.876,1,14,3.23,61,SJF,16.07,5.93,14.29,24.71
14,6.21,3.96,0.638,2,14,0.92,87,SJF,38.71,22.29,39.86,65.0
22,4.82,4.32,0.896,1,16,2.1,106,SJF,28.14,13.14,26.55,56.23
14,5.5,4.18,0.761,2,14,3.54,77,SJF,21.43,13.07,17.93,36.07
17,4.47,4.02,0.899,1,17,1.69,76,SJF,23.18,13.29,22.06,46.0
9,3.44,1.88,0.545,2,8,3.62,31,SJF,2.11,1.89,2.11,12.0
13,7.15,4.74,0.663,2,16,1.33,93,SJF,27.77,20.23,33.08,46.15
11,6.82,5.34,0.784,1,14,4.0,75,SJF,21.91,11.64,19.27,37.91
23,7.0,5.32,0.76,1,19,1.91,161,SJF,59.74,32.7,45.91,82.7
10,6.9,6.21,0.9,1,19,5.0,69,SJF,9.7,7.0,10.0,24.3
16,5.81,4.74,0.815,2,18,1.73,93,SJF,39.94,21.38,30.69,55.94
29,5.69,4.22,0.741,1,14,1.71,165,SJF,59.69,31.38,58.28,94.1
30,5.67,4.44,0.784,1,15,3.55,170,SJF,40.47,21.6,34.17,75.27
20,6.3,4.34,0.689,2,15,1.89,126,SJF,36.55,21.9,32.15,66.25
21,7.1,4.87,0.686,2,18,0.8,149,SJF,54.71,37.05,56.48,85.81
14,7.07,5.05,0.713,2,15,4.85,99,SJF,15.43,10.21,12.64,33.21
22,4.91,3.45,0.703,1,12,4.95,108,SJF,18.64,11.09,13.5,37.82
7,2.86,0.69,0.242,2,4,0.83,20,Priority,6.0,5.71,5.86,24.86
24,5.21,4.68,0.899,1,17,1.61,125,SJF,41.33,19.71,46.04,61.46
24,5.88,5.1,0.868,1,17,2.22,141,SJF,41.38,23.96,42.88,61.29
25,4.68,4.12,0.88,1,17,3.42,117,SJF,18.12,9.48,14.12,51.68
17,6.35,4.97,0.783,2,16,1.62,108,SJF,37.18,23.06,36.88,53.76
19,5.95,4.92,0.827,1,17,1.72,113,SJF,39.16,19.21,34.95,62.21
21,5.48,4.61,0.842,1,18,1.9,115,SJF,29.48,17.05,31.81,46.62
25,6.96,5.09,0.731,1,16,1.83,174,SJF,72.8,41.84,72.96,111.64
15,7.4,5.74,0.776,2,16,1.64,111,SJF,25.67,20.87,32.67,44.2
20,4.95,4.31,0.871,1,14,3.32,99,SJF,34.3,13.0,27.8,61.15
20,4.25,2.95,0.695,2,13,1.26,85,SJF,32.6,21.75,31.55,65.55
28,5.43,4.65,0.857,1,15,1.74,152,SJF,54.04,25.36,54.57,74.11
19,5.42,4.29,0.791,1,18,3.33,103,SJF,25.26,10.0,27.95,47.47
12,3.75,2.93,0.781,1,11,1.36,45,SJF,15.67,8.25,15.33,26.08
26,5.19,3.57,0.687,2,14,2.44,135,SJF,40.12,21.08,39.65,75.85
6,4.17,3.92,0.941,1,12,2.8,25,FCFS,2.33,2.33,2.33,6.83
23,5.87,4.41,0.752,1,16,2.36,135,SJF,49.87,27.78,49.65,79.26
29,4.69,3.71,0.792,1,14,2.25,136,SJF,38.66,20.45,34.86,78.1
19,7.11,4.4,0.619,2,15,3.44,135,SJF,40.58,26.79,33.26,68.32
23,5.7,4.48,0.786,2,16,1.45,131,SJF,51.43,28.13,51.39,75.83
21,5.33,4.22,0.792,2,15,1.4,112,SJF,44.48,20.43,36.19,60.19
8,5.5,4.11,0.746,2,13,1.43,44,SJF,8.75,6.25,12.75,18.62
19,5.58,4.4,0.789,2,14,1.67,106,SJF,37.58,24.79,37.11,58.42
20,5.35,4.43,0.828,1,13,3.05,107,SJF,29.4,14.65,23.75,52.5
13,6.08,4.21,0.693,2,15,1.08,79,SJF,25.85,19.77,36.23,49.69
26,6.04,4.52,0.749,2,16,2.0,157,SJF,52.35,29.23,54.54,89.35
19,5.89,5.14,0.872,1,18,1.11,112,SJF,51.42,33.58,46.79,70.74
19,7.16,4.79,0.669,3,17,2.11,136,SJF,49.42,26.05,47.95,71.32
8,5.25,3.96,0.753,2,14,3.14,42,SJF,10.0,7.75,10.5,23.25
17,5.88,4.83,0.822,1,14,1.94,100,SJF,33.41,16.65,29.18,46.94
12,3.75,3.02,0.805,1,11,0.82,45,SJF,15.25,9.58,22.08,27.42
11,5.27,4.76,0.902,1,15,1.9,58,SJF,10.36,6.18,12.09,20.73
14,5.14,4.57,0.889,1,17,0.85,72,SJF,26.07,13.57,18.07,34.36
8,7.75,5.01,0.646,3,15,2.0,62,SJF,17.25,11.0,18.75,27.88
16,4.75,3.38,0.711,2,13,4.27,76,SJF,7.75,5.44,9.19,24.19
15,6.73,5.5,0.816,2,20,2.43,101,SJF,31.33,20.4,28.93,53.13
21,4.33,3.85,0.889,2,14,1.55,91,SJF,28.62,14.05,17.43,47.33
18,5.89,5.18,0.879,1,17,4.53,106,SJF,19.61,10.39,16.94,41.56
18,4.67,3.74,0.802,1,14,2.41,84,SJF,19.39,9.83,22.56,46.78
24,5.75,4.66,0.81,2,18,2.0,138,SJF,42.0,23.83,38.54,67.54
5,3.8,2.59,0.681,1,8,4.25,19,SJF,2.6,1.6,2.6,8.8
15,5.33,3.87,0.725,3,15,1.86,80,SJF,14.73,12.13,19.27,32.27
13,7.38,5.24,0.709,1,16,2.33,96,SJF,27.46,16.15,24.69,46.08
17,4.88,4.94,1.011,1,17,2.06,83,SJF,20.59,14.18,24.12,35.53
15,5.93,4.06,0.685,2,14,2.93,89,SJF,24.67,12.73,24.93,43.27
18,6.39,4.8,0.752,1,15,2.41,115,SJF,33.56,16.78,27.67,59.17
12,4.58,4.14,0.904,1,15,4.27,55,SJF,7.0,6.58,7.08,16.08
25,4.96,3.92,0.791,1,15,3.04,124,SJF,22.2,11.64,23.68,49.88
24,7.04,5.03,0.715,1,15,1.48,169,SJF,71.04,38.12,79.17,96.75
19,6.0,5.44,0.906,1,18,2.44,114,SJF,36.89,14.84,23.58,50.21
10,5.9,3.9,0.661,2,14,4.44,59,FCFS,7.5,6.6,8.1,17.9
9,3.56,3.64,1.025,1,13,2.5,32,SJF,10.67,3.78,10.89,14.11
11,4.45,3.33,0.747,2,14,1.5,49,SJF,14.27,9.0,15.91,30.36
27,7.37,5.46,0.74,2,19,1.77,199,SJF,78.3,45.59,75.63,111.74
14,6.86,4.5,0.657,3,17,1.15,96,SJF,39.79,26.79,44.29,62.79
23,6.78,4.4,0.649,1,14,4.0,156,SJF,24.91,15.78,29.83,69.87
18,4.39,2.91,0.664,1,13,4.53,79,SJF,5.61,4.89,5.78,32.61
21,7.0,4.96,0.709,2,15,2.75,147,SJF,37.67,25.0,34.62,63.71
29,5.9,4.83,0.819,2,16,2.32,171,SJF,61.38,26.76,46.72,89.24
26,5.81,4.6,0.793,2,16,2.2,151,SJF,46.15,21.77,51.0,71.62
8,4.88,3.36,0.689,3,13,3.0,39,SJF,8.88,8.25,10.38,23.25
15,5.0,4.17,0.835,2,16,1.43,75,SJF,31.67,22.93,33.4,55.93
16,6.0,4.95,0.826,1,16,1.27,96,SJF,43.06,21.19,39.75,62.19
26,5.58,4.67,0.838,2,18,1.36,145,SJF,62.15,29.54,48.38,84.5
5,6.4,2.7,0.422,3,9,3.25,32,SJF,7.8,6.4,7.6,18.8
7,2.57,0.98,0.38,1,4,1.0,18,FCFS,3.57,3.57,4.29,15.43
7,5.57,3.1,0.557,2,10,1.17,39,SJF,16.0,11.86,15.14,30.57
14,7.0,6.4,0.914,1,18,0.85,98,SJF,32.71,17.93,28.36,43.93
28,5.46,3.96,0.724,1,16,3.19,153,SJF,26.64,12.82,29.14,57.11
26,4.38,3.5,0.798,1,14,1.32,114,SJF,54.92,22.58,44.42,89.81
17,6.71,5.18,0.773,2,16,2.75,114,SJF,20.82,17.41,32.76,44.12
12,5.17,4.47,0.865,1,14,3.18,62,SJF,16.83,12.08,15.67,28.25
9,4.0,3.28,0.82,2,12,4.12,36,FCFS,3.11,3.0,3.11,7.78
11,4.27,3.66,0.857,1,14,0.9,47,SJF,21.27,17.82,23.27,34.55
28,5.61,4.5,0.802,1,18,4.52,157,SJF,17.39,11.29,15.21,51.07
12,3.75,2.34,0.624,1,10,0.91,45,SJF,12.67,10.25,14.5,28.58
20,8.0,5.64,0.705,2,17,1.42,160,SJF,66.05,37.95,61.5,94.45
26,4.85,3.59,0.74,1,15,5.4,126,SJF,6.85,5.31,7.15,23.65
6,2.5,0.84,0.335,1,3,4.0,15,FCFS,0.5,0.5,0.5,6.83
25,4.16,3.26,0.784,1,15,2.46,104,SJF,30.56,12.28,35.8,58.6
17,4.82,3.57,0.741,2,13,1.56,82,SJF,28.76,20.24,30.59,55.65
10,4.9,4.25,0.868,2,16,1.44,49,SJF,18.8,10.9,14.1,32.2
11,7.45,5.11,0.685,2,14,1.5,82,SJF,24.18,20.0,22.73,43.09
18,7.0,4.69,0.67,2,16,1.41,126,SJF,51.11,27.89,44.94,78.0
26,6.85,4.93,0.72,1,16,2.36,178,SJF,48.54,30.08,63.69,94.12
6,6.33,4.84,0.765,2,13,5.0,38,FCFS,3.17,3.17,3.17,9.83
17,4.47,3.76,0.841,2,14,1.19,76,SJF,24.76,13.47,34.82,40.76
7,3.29,1.38,0.42,2,6,1.5,23,SJF,5.14,4.43,4.71,13.43
15,5.67,4.24,0.748,1,15,4.14,85,SJF,15.67,8.93,15.13,33.87
21,4.81,3.75,0.78,1,16,1.2,101,SJF,33.14,21.24,36.43,68.29
10,4.8,4.16,0.866,2,13,1.33,48,SJF,17.0,8.6,17.7,24.9
28,4.57,3.4,0.745,1,16,1.85,128,SJF,29.79,17.04,31.71,68.79
29,5.34,4.4,0.824,2,18,1.64,155,SJF,47.79,26.79,58.69,81.45
7,6.0,4.0,0.667,2,13,2.17,42,SJF,9.71,7.71,16.86,20.86
25,5.28,4.12,0.78,1,15,3.42,132,SJF,24.92,12.8,21.56,41.64
27,6.78,5.1,0.753,1,16,1.19,183,SJF,67.48,43.93,71.7,112.41
25,6.96,5.95,0.856,2,21,1.67,174,SJF,45.32,31.96,59.64,80.84
24,4.79,3.61,0.754,1,13,2.57,115,SJF,31.0,13.83,33.54,65.25
12,3.5,1.88,0.538,2,9,2.36,42,SJF,5.92,4.33,6.42,20.92
13,9.85,5.37,0.545,2,16,2.08,128,SJF,39.85,32.46,34.0,75.08
21,7.43,5.63,0.757,2,18,5.6,156,SJF,24.0,15.67,27.1,43.71
7,4.14,3.58,0.864,1,12,2.33,29,SJF,3.86,1.43,3.71,10.43
28,4.89,4.12,0.842,1,15,1.74,137,SJF,36.43,23.5,37.68,81.07
13,5.54,3.73,0.674,1,13,0.92,72,SJF,25.0,16.46,32.08,45.85
29,4.03,3.16,0.782,1,18,4.21,117,FCFS,4.17,3.9,4.1,26.07
27,4.63,3.8,0.822,1,15,1.38,125,SJF,45.85,23.48,49.59,80.74
14,3.21,2.15,0.67,1,8,1.92,45,SJF,9.07,6.57,8.93,22.14
21,6.38,5.49,0.86,1,18,2.25,134,SJF,49.0,21.29,46.52,69.86
16,6.25,5.52,0.883,1,17,1.87,100,SJF,35.62,16.81,39.25,50.19
30,6.0,5.05,0.842,1,20,2.07,180,SJF,41.83,25.87,53.9,75.07
19,4.68,4.1,0.875,1,16,3.22,89,SJF,14.63,8.42,13.0,38.0
7,7.86,6.47,0.823,2,16,4.67,55,SJF,8.71,6.57,8.29,15.86
24,6.0,4.59,0.765,1,16,2.61,144,Priority,34.67,19.17,25.83,71.04
20,5.6,4.47,0.797,1,15,4.32,112,SJF,22.15,13.6,20.25,41.65
20,4.9,4.3,0.878,2,16,2.16,98,Priority,27.4,15.6,17.8,58.45
30,5.1,3.91,0.766,1,14,1.17,153,SJF,64.4,30.5,60.03,91.6
16,5.88,4.98,0.847,1,14,2.4,94,SJF,35.88,14.31,32.44,51.75
15,4.8,3.71,0.772,1,13,1.07,72,SJF,28.4,14.2,22.53,51.13
11,7.45,5.24,0.703,1,14,1.5,82,SJF,26.36,18.18,33.55,40.55
13,6.31,5.12,0.812,2,15,4.5,82,SJF,7.0,5.31,5.77,17.54
22,4.86,3.63,0.746,1,12,1.29,107,SJF,35.45,20.5,36.91,70.64
19,5.0,4.43,0.887,1,17,1.17,95,SJF,25.79,15.53,32.37,54.79
19,4.53,3.29,0.727,1,13,0.94,86,SJF,36.16,20.37,33.32,62.95
29,4.72,3.39,0.718,1,14,2.93,137,FCFS,21.0,12.48,22.86,56.52
16,5.44,4.43,0.814,2,15,3.13,87,SJF,17.06,10.38,22.88,36.94
29,5.14,4.84,0.942,1,18,4.0,149,SJF,35.38,14.14,29.07,49.9
10,3.6,1.9,0.527,1,8,1.78,36,SJF,5.2,4.0,4.6,17.5
22,4.14,3.03,0.732,2,12,3.38,91,SJF,15.09,11.5,13.14,41.86
18,5.28,3.59,0.681,1,13,3.35,95,SJF,23.28,11.67,24.0,47.67
18,5.94,4.67,0.786,2,14,1.71,107,SJF,35.61,17.33,37.0,54.06
17,5.76,3.78,0.656,1,13,3.25,98,SJF,29.59,17.18,26.65,51.53
20,7.35,6.22,0.846,1,21,4.11,147,SJF,35.6,18.85,31.35,55.8
24,4.92,3.71,0.754,1,13,4.52,118,FCFS,14.67,7.79,12.96,43.88
8,5.25,4.8,0.915,1,15,1.29,42,SJF,16.0,8.25,15.0,19.75
12,4.08,2.57,0.631,2,12,3.36,49,FCFS,8.58,7.08,7.0,26.75
29,4.93,3.62,0.735,1,17,1.86,143,SJF,50.31,25.24,47.55,95.72
29,7.48,5.51,0.736,1,16,1.46,217,SJF,90.34,51.59,81.97,135.34
28,4.5,3.71,0.824,1,14,1.37,126,SJF,43.0,23.18,44.39,81.75
11,4.55,2.34,0.515,2,11,2.4,50,SJF,12.0,6.73,9.82,32.45
13,6.69,5.15,0.77,1,15,3.08,87,SJF,21.62,10.92,31.69,43.54
19,4.21,2.76,0.656,2,12,1.83,80,SJF,18.47,12.74,19.47,47.74
29,7.45,5.24,0.704,1,18,2.64,216,SJF,60.14,33.93,54.41,106.9
26,7.04,5.69,0.808,1,19,1.56,183,SJF,61.08,38.12,68.42,87.65
23,6.13,4.42,0.722,1,19,4.95,141,SJF,21.04,11.78,19.61,51.91
5,7.8,7.29,0.935,2,20,2.5,39,SJF,14.2,11.4,13.2,14.4
24,5.92,4.05,0.685,1,14,3.52,142,SJF,27.62,15.79,28.83,56.08
8,3.38,2.0,0.591,2,8,1.86,27,SJF,7.62,3.38,6.75,16.5
29,5.17,5.2,1.005,1,20,1.57,150,SJF,57.93,22.52,62.21,74.38
25,6.24,4.41,0.707,1,16,1.29,156,SJF,71.32,36.0,63.36,106.28
24,5.33,4.71,0.882,1,16,1.22,128,SJF,46.62,22.83,35.46,60.21
16,7.31,5.68,0.776,2,19,1.6,117,SJF,47.06,23.62,44.0,61.69
20,6.6,4.68,0.71,2,15,1.84,132,SJF,45.6,26.2,37.7,79.0
25,7.24,4.85,0.67,2,17,1.58,181,SJF,67.04,39.2,73.6,96.4
13,6.0,4.42,0.736,2,15,4.0,78,SJF,11.23,6.85,10.92,29.08
8,3.62,2.0,0.55,1,8,2.57,29,Priority,6.12,3.88,3.75,17.38
20,7.75,4.61,0.595,1,16,1.32,155,SJF,59.55,38.75,57.85,98.65
7,6.29,5.06,0.804,2,14,3.17,44,SJF,12.57,7.29,12.86,18.0
20,4.85,3.67,0.758,1,13,1.47,97,SJF,36.6,17.45,35.0,70.1
25,4.44,3.49,0.786,1,14,3.54,111,SJF,17.76,9.24,16.48,47.24
18,7.33,5.77,0.787,2,20,2.47,132,SJF,34.83,22.0,37.72,53.17
9,5.78,5.24,0.907,3,15,5.0,52,FCFS,4.11,4.11,4.11,8.89
14,6.14,4.61,0.75,1,15,2.08,86,SJF,27.14,16.21,20.79,50.36
14,3.71,3.58,0.965,2,16,1.54,52,SJF,10.86,7.14,13.07,26.79
28,7.89,4.66,0.591,2,17,1.85,221,SJF,71.46,51.11,75.18,124.04
28,5.75,4.84,0.842,1,19,1.3,161,SJF,64.5,31.82,67.36,93.39
25,6.88,5.33,0.775,2,19,1.62,172,SJF,61.48,35.2,53.28,91.44
24,6.33,4.76,0.752,1,18,1.87,152,SJF,52.04,26.58,44.46,84.83
22,5.55,4.61,0.831,1,15,2.9,122,SJF,27.09,13.77,25.18,46.18
25,4.6,4.17,0.907,2,17,0.88,115,SJF,41.8,24.6,43.92,72.44
6,6.0,6.07,1.011,1,17,1.2,36,SJF,12.0,4.0,9.5,14.17
29,6.21,4.65,0.749,1,19,2.07,180,SJF,77.59,35.69,67.45,121.34
20,3.6,2.62,0.729,1,14,1.89,72,SJF,18.95,10.85,19.25,43.7
5,4.4,3.21,0.729,2,10,2.75,22,SJF,4.0,2.6,2.6,10.0
25,4.72,4.29,0.908,1,17,2.17,118,SJF,31.04,13.6,37.64,57.44
11,8.0,5.44,0.68,2,14,4.7,88,SJF,17.55,12.18,15.91,33.27
7,7.43,4.35,0.586,3,13,2.5,52,SJF,16.86,10.43,12.57,25.86
6,6.33,3.88,0.613,3,13,2.4,38,SJF,6.17,4.83,4.83,16.0
7,8.0,4.83,0.604,1,14,2.0,56,SJF,13.0,11.86,15.29,31.71
20,5.75,4.38,0.761,2,14,1.47,115,SJF,30.7,20.5,33.65,56.25
13,5.54,4.03,0.728,2,12,1.92,72,SJF,12.62,9.69,12.54,28.92
24,5.67,4.91,0.867,1,15,3.74,136,SJF,28.08,12.75,29.46,48.71
19,4.95,3.98,0.804,2,14,1.67,94,SJF,37.68,20.74,36.68,67.89
23,4.96,4.04,0.815,1,14,2.73,114,SJF,34.0,16.61,36.61,65.35
28,5.68,4.85,0.853,2,18,1.3,159,SJF,70.82,31.25,61.82,92.18
19,4.53,4.31,0.953,2,18,3.67,86,SJF,14.84,6.53,10.47,27.21
21,6.24,4.98,0.798,1,16,2.95,131,SJF,37.86,21.24,34.48,65.38
15,5.67,4.61,0.813,1,16,4.64,85,SJF,13.2,6.87,11.93,30.13
5,4.8,6.94,1.446,1,17,10.25,24,FCFS,1.8,1.8,1.8,3.4
13,6.85,5.03,0.735,2,16,0.5,89,SJF,23.08,20.85,27.69,45.69
22,5.0,3.38,0.676,2,13,4.05,110,FCFS,15.05,9.23,15.55,49.45
30,6.67,5.56,0.834,1,20,2.24,200,SJF,76.27,35.57,72.37,115.27
30,7.4,5.79,0.783,1,20,3.07,222,SJF,66.77,38.73,64.1,102.07
24,6.46,4.39,0.68,2,15,1.91,155,SJF,48.42,27.46,38.25,85.75
28,7.68,5.48,0.713,1,17,1.52,215,SJF,75.25,48.18,84.11,115.75
23,5.3,3.7,0.697,2,15,2.5,122,SJF,33.0,18.04,28.83,57.22
15,3.93,3.01,0.766,1,11,1.0,59,SJF,16.27,9.73,15.2,32.4
9,5.22,5.33,1.021,1,15,3.25,47,SJF,7.78,6.67,10.33,13.33
23,5.57,4.45,0.8,1,18,3.41,128,SJF,20.7,9.52,16.0,40.3
12,5.67,4.44,0.783,1,16,2.36,68,SJF,19.75,14.42,21.08,31.17
8,4.88,3.6,0.739,2,12,1.71,39,SJF,12.88,6.5,8.88,24.5
22,6.55,4.81,0.735,1,16,4.38,144,SJF,28.55,18.36,23.59,57.64
7,4.57,2.82,0.617,3,10,1.83,32,SJF,8.29,4.57,7.29,18.57
7,8.43,7.11,0.844,2,17,1.17,59,SJF,23.43,18.29,19.86,29.14
17,7.29,4.96,0.68,2,17,1.0,124,SJF,53.18,28.88,42.88,70.82
14,5.14,3.84,0.747,2,14,2.77,72,SJF,15.43,9.0,18.29,28.07
13,4.62,3.71,0.804,2,14,2.5,60,SJF,13.08,5.69,11.15,26.77
17,6.88,5.6,0.814,1,16,1.31,117,SJF,39.88,24.41,41.41,65.53
15,4.33,4.06,0.938,2,16,2.79,65,SJF,12.53,9.6,11.47,22.33
24,4.75,3.57,0.751,2,14,1.74,114,SJF,32.88,21.0,35.54,71.33
23,4.61,3.66,0.795,1,13,1.41,106,SJF,42.65,19.52,46.61,70.65
6,5.0,2.83,0.566,2,9,1.4,30,SJF,10.67,9.33,10.67,21.83
21,5.43,4.39,0.808,1,15,1.5,114,SJF,38.1,17.86,27.24,58.33
24,5.54,4.72,0.851,1,17,1.09,133,SJF,46.21,24.33,44.79,65.29
15,7.53,4.9,0.65,3,15,1.36,113,SJF,43.27,30.47,50.93,63.53
11,5.91,4.53,0.766,1,14,3.8,65,SJF,15.27,8.82,16.18,32.55
28,6.96,5.43,0.78,1,19,1.52,195,SJF,91.0,43.43,76.36,132.79
16,5.06,4.54,0.896,1,16,2.27,81,SJF,18.75,10.44,19.75,32.31
5,4.6,1.95,0.424,3,8,1.25,23,FCFS,8.2,8.2,8.8,19.8
6,3.0,1.26,0.422,2,5,2.2,18,SJF,4.0,3.33,4.17,11.33
29,5.86,4.63,0.791,1,16,1.89,170,SJF,64.72,35.45,69.1,96.72
24,5.17,4.35,0.842,1,14,1.26,124,SJF,39.54,19.0,45.5,60.54
12,6.58,4.01,0.609,3,13,3.64,79,SJF,16.25,11.83,18.33,34.25
23,5.17,4.23,0.817,1,15,3.05,119,SJF,31.22,14.26,30.09,48.96
27,6.59,4.78,0.725,1,16,2.15,178,SJF,62.33,33.85,57.33,103.22
27,5.93,4.93,0.832,1,16,4.08,160,SJF,34.78,16.96,31.85,68.44
16,5.0,3.72,0.745,2,14,1.27,80,SJF,19.5,15.62,27.44,47.44
19,4.63,4.34,0.936,1,19,1.0,88,SJF,25.58,14.89,30.47,50.68
27,6.44,4.28,0.664,1,16,4.04,174,SJF,44.04,25.63,42.59,94.26
21,4.57,4.04,0.885,2,16,0.8,96,SJF,33.76,23.0,42.14,63.9
20,5.6,5.27,0.94,1,19,1.84,112,SJF,33.0,24.5,32.05,50.45
19,5.74,4.27,0.744,2,15,4.11,109,SJF,15.26,8.58,14.42,37.21
30,7.0,4.76,0.68,2,17,3.83,210,SJF,49.73,26.1,51.43,85.47
11,7.0,5.85,0.835,1,16,1.2,77,SJF,22.36,19.91,30.09,34.36
7,7.0,4.36,0.623,1,13,2.83,49,SJF,11.14,8.14,11.43,23.86
8,8.88,7.26,0.818,1,21,1.43,71,SJF,19.75,15.25,36.75,31.38
21,5.43,4.81,0.886,1,17,2.15,114,SJF,24.33,15.48,30.9,42.57
28,5.82,4.52,0.777,1,15,1.3,163,SJF,56.29,33.71,62.89,94.32
26,6.15,4.76,0.774,2,16,3.8,160,SJF,31.38,17.42,30.08,61.46
13,5.15,3.44,0.667,2,14,2.42,67,SJF,20.08,12.46,17.38,35.69
20,3.55,2.8,0.789,1,14,2.53,71,FCFS,11.7,8.35,14.35,37.05
14,6.64,4.86,0.732,2,14,2.0,93,SJF,35.64,19.86,40.64,54.71
13,3.77,2.86,0.759,1,11,1.42,49,SJF,20.38,9.31,17.62,39.0
12,7.0,4.79,0.684,1,14,1.18,84,SJF,35.08,24.33,33.92,53.83
10,6.3,4.99,0.792,1,15,1.22,63,SJF,22.8,12.1,25.0,35.3
20,5.7,4.39,0.77,2,16,1.84,114,SJF,33.7,18.0,24.0,55.85
17,4.88,4.47,0.916,1,16,1.62,83,SJF,25.65,21.06,25.88,45.94
20,6.7,5.14,0.767,1,16,1.84,134,SJF,45.85,28.8,53.25,75.15
30,4.6,3.86,0.838,1,16,1.62,138,SJF,53.37,26.1,42.23,93.8
30,5.87,4.98,0.849,1,20,2.41,176,SJF,62.37,26.2,62.97,95.7
27,4.41,3.47,0.787,1,12,1.5,119,SJF,32.15,20.15,40.78,69.11
23,7.0,4.55,0.65,2,16,1.36,161,SJF,73.74,38.96,65.3,103.52
15,6.8,5.62,0.827,2,18,1.36,102,SJF,40.33,27.87,39.4,58.73
27,5.3,4.25,0.802,1,16,3.12,143,SJF,31.44,16.7,33.44,59.15
23,6.13,4.42,0.722,1,14,1.95,141,SJF,41.91,23.96,47.87,74.52
8,6.75,3.99,0.591,2,12,1.86,54,SJF,23.38,12.62,15.25,38.12
27,5.11,4.99,0.976,1,20,3.23,138,SJF,27.63,12.81,20.15,45.52
23,5.48,4.36,0.795,1,13,2.05,126,SJF,52.52,24.96,51.13,73.7
16,5.62,4.53,0.805,2,14,3.27,90,SJF,13.5,8.88,15.38,29.31
8,6.38,5.45,0.855,2,17,1.29,51,SJF,21.0,11.5,26.12,28.25
6,3.33,1.03,0.31,2,5,1.2,20,FCFS,3.83,3.83,4.83,12.5
8,5.0,4.21,0.842,2,15,1.71,40,SJF,13.0,7.12,13.12,24.88
13,5.31,4.15,0.782,2,16,1.0,69,SJF,25.38,16.23,29.23,35.85
6,3.33,1.51,0.452,1,5,2.0,20,SJF,5.33,3.17,5.5,11.83
30,5.9,4.58,0.777,2,20,1.34,177,SJF,57.6,34.6,66.43,91.4
26,6.42,5.3,0.825,1,18,1.44,167,SJF,42.27,30.46,45.81,77.5
13,6.85,4.95,0.723,2,15,1.08,89,SJF,43.31,23.54,39.69,61.23
5,3.4,1.52,0.446,2,6,1.25,17,FCFS,5.2,5.2,5.8,13.4
19,4.47,3.98,0.889,1,15,4.17,85,SJF,3.84,3.37,3.74,21.74
13,5.92,4.96,0.837,1,15,2.5,77,SJF,19.62,10.54,20.23,31.46
5,3.8,1.92,0.506,2,7,0.5,19,SJF,8.0,4.6,8.0,16.0
15,7.27,5.76,0.793,1,21,3.93,109,SJF,30.33,16.6,28.2,49.07
24,5.17,3.61,0.698,2,14,5.61,124,FCFS,14.83,8.25,14.0,37.5
15,4.4,4.24,0.963,1,13,1.79,66,SJF,17.13,11.67,20.47,33.87
17,6.53,5.78,0.885,1,20,1.44,111,SJF,46.06,19.06,45.88,60.94
10,4.9,5.07,1.034,2,19,0.67,49,SJF,25.3,11.8,25.8,36.1
6,2.5,1.05,0.42,1,4,3.4,15,FCFS,0.5,0.5,0.5,6.83
30,6.23,4.92,0.79,1,17,2.62,187,SJF,70.37,33.07,73.53,113.63
22,5.14,3.92,0.763,1,14,1.38,113,SJF,46.68,23.91,45.27,67.32
5,4.6,2.3,0.5,3,8,2.5,23,SJF,5.6,5.0,5.6,16.6
6,5.33,3.39,0.635,3,12,0.8,32,FCFS,13.0,13.0,13.0,20.0
15,5.8,4.96,0.855,2,16,1.36,87,SJF,28.93,15.4,24.0,39.87
10,3.9,2.6,0.667,2,11,1.11,39,SJF,15.7,9.1,9.8,28.1
6,9.33,6.06,0.649,3,16,2.6,56,SJF,15.5,10.0,14.83,24.33
22,6.14,5.13,0.836,1,17,5.57,135,SJF,11.41,6.5,9.09,33.36
26,6.35,4.6,0.725,1,15,1.24,165,SJF,66.38,41.27,61.73,109.19
16,5.0,4.37,0.873,2,16,2.4,80,SJF,23.62,11.5,17.88,37.38
17,5.47,5.21,0.952,1,17,1.31,93,SJF,35.41,14.53,37.65,43.94
7,7.57,4.58,0.605,3,14,2.0,53,SJF,17.0,12.86,18.43,25.71
12,6.75,5.79,0.857,2,20,1.91,81,SJF,31.0,15.25,25.83,37.75
25,5.92,4.1,0.693,1,15,4.25,148,SJF,19.76,12.24,17.36,54.24
15,5.93,5.13,0.865,1,15,1.71,89,SJF,40.47,22.07,36.27,48.27
7,2.0,1.0,0.5,1,3,1.33,14,FCFS,2.14,2.0,2.43,8.29
28,5.89,4.94,0.838,1,17,1.85,165,SJF,55.07,27.36,46.64,81.93
12,6.17,5.1,0.826,1,14,1.27,74,SJF,23.08,14.33,27.42,39.67
24,7.54,6.15,0.815,1,17,2.04,181,SJF,49.88,29.79,54.04,79.96
23,5.74,4.54,0.792,2,17,1.45,132,SJF,37.65,23.7,37.13,65.0
5,3.2,0.84,0.261,2,4,2.5,16,SJF,1.8,1.4,1.8,5.8
28,6.93,4.9,0.707,1,16,1.37,194,SJF,89.86,47.75,81.39,133.96
9,5.33,4.12,0.773,1,13,2.62,48,Priority,8.56,6.33,8.11,17.67
17,4.18,3.76,0.901,1,16,2.12,71,SJF,20.47,10.94,25.06,44.41
23,6.13,4.88,0.797,1,17,4.5,141,SJF,26.04,12.35,21.87,53.65
11,6.09,4.55,0.747,2,13,2.8,67,SJF,8.45,7.27,11.64,22.18
28,5.89,4.65,0.788,1,15,1.44,165,SJF,55.61,35.54,60.32,95.54
15,6.33,5.26,0.831,2,18,5.57,95,SJF,4.67,3.2,5.07,15.93
13,6.31,4.73,0.75,2,15,1.67,82,SJF,30.31,14.77,22.46,43.77
23,5.22,4.62,0.886,2,19,3.05,120,SJF,24.48,16.17,19.61,41.96
5,4.0,4.53,1.132,1,12,2.0,20,SJF,6.0,5.8,6.0,7.6
28,5.96,4.48,0.752,1,15,1.48,167,SJF,56.79,32.21,63.39,94.71
12,5.5,4.78,0.869,1,16,1.82,66,SJF,15.67,13.08,21.17,30.25
5,3.6,4.72,1.312,1,12,1.5,18,RoundRobin,4.4,4.4,4.4,4.2
25,4.96,4.34,0.876,1,15,3.79,124,SJF,16.4,9.2,17.88,43.76
18,5.39,4.6,0.854,2,17,0.88,97,SJF,32.11,26.0,44.94,49.67
21,6.48,4.9,0.756,2,19,1.4,136,SJF,39.95,29.9,53.19,78.43
6,5.5,4.76,0.866,2,15,7.4,33,FCFS,2.17,2.0,2.17,6.17
6,3.0,0.89,0.298,2,4,6.0,18,FCFS,0.5,0.5,0.5,3.17
30,5.77,4.67,0.809,1,15,2.31,173,SJF,49.13,25.6,39.63,85.17
5,6.2,4.32,0.697,3,13,1.5,31,SJF,8.8,7.0,8.8,14.2
17,6.82,5.77,0.845,1,17,2.81,116,SJF,28.35,16.41,29.41,48.12
19,5.95,4.27,0.719,2,16,3.17,113,SJF,30.95,16.74,29.0,59.05
30,6.3,4.68,0.742,1,19,1.83,189,SJF,61.23,33.17,63.97,111.37
25,5.08,4.0,0.787,1,13,2.38,127,SJF,29.12,17.88,28.12,54.28
28,4.5,3.39,0.754,1,16,2.04,126,SJF,32.0,16.86,32.46,70.64
17,6.18,4.13,0.668,2,14,2.31,105,SJF,29.12,20.59,29.53,58.94
24,4.92,3.68,0.749,2,15,3.52,118,SJF,20.5,13.38,22.79,61.08
10,7.5,5.84,0.778,2,16,2.11,75,SJF,37.8,18.6,24.7,43.9
24,5.58,3.69,0.662,1,13,1.35,134,SJF,52.71,32.88,53.29,90.46
24,6.04,5.34,0.883,1,20,1.26,145,SJF,54.25,24.17,39.0,75.46
10,6.6,4.6,0.697,1,15,4.33,66,SJF,13.3,8.2,13.6,26.4
24,5.75,4.88,0.849,1,14,1.3,138,SJF,51.75,27.04,52.42,73.79
5,3.4,1.67,0.492,2,6,2.0,17,SJF,2.2,2.0,2.2,7.2
29,4.72,4.02,0.85,1,16,5.07,137,FCFS,5.62,4.86,5.45,32.83
18,7.06,5.68,0.805,2,17,4.47,127,SJF,28.67,16.06,32.11,48.17
14,6.43,5.65,0.879,2,20,5.38,90,SJF,17.0,8.86,19.43,30.79
12,6.33,4.81,0.76,1,14,1.82,76,SJF,31.17,19.5,35.5,40.75
22,5.45,4.55,0.835,1,14,2.19,120,SJF,28.91,15.95,38.23,51.5
7,4.43,4.24,0.957,2,14,1.33,31,SJF,12.71,4.43,7.57,18.71
17,5.47,5.15,0.941,1,20,5.12,93,SJF,7.59,4.53,8.65,14.0
25,5.32,4.82,0.906,1,18,2.38,133,SJF,34.28,23.64,42.4,55.68
10,3.9,3.28,0.841,1,13,1.44,39,SJF,8.6,5.7,11.6,23.6
19,5.37,4.41,0.822,1,14,1.67,102,SJF,40.84,23.37,37.11,62.42
23,4.43,3.84,0.865,1,16,2.23,102,SJF,27.13,12.61,26.39,55.17
5,5.6,4.72,0.843,1,12,2.25,28,SJF,4.8,2.6,2.6,10.2
30,4.33,3.21,0.741,1,12,1.76,130,SJF,33.2,19.23,39.6,72.93
30,5.7,3.59,0.63,1,13,2.52,171,SJF,47.0,24.93,45.83,95.07
20,6.55,4.65,0.71,2,15,2.53,131,SJF,48.7,24.1,48.55,80.8
7,2.71,0.76,0.279,2,4,1.83,19,FCFS,1.86,1.86,1.86,14.86
5,6.0,5.52,0.92,1,12,1.5,30,SJF,14.0,10.0,12.2,15.0
14,7.21,6.07,0.841,1,18,1.69,101,SJF,35.29,16.21,36.21,43.57
12,5.67,4.33,0.765,2,16,1.27,68,SJF,28.08,19.17,21.0,37.33
23,5.35,5.47,1.022,1,21,1.91,123,SJF,32.35,14.61,40.48,49.52
24,6.21,4.63,0.746,1,17,1.57,149,SJF,61.46,31.83,51.75,94.54
28,4.5,3.38,0.752,1,15,3.81,126,SJF,6.39,4.96,5.57,42.14
6,3.83,0.75,0.196,3,5,0.8,23,SJF,8.67,7.67,8.83,22.83
6,6.17,5.42,0.879,2,16,1.2,37,SJF,8.83,6.33,7.33,15.67
24,5.46,4.6,0.842,1,16,1.0,131,SJF,51.21,33.0,60.88,79.38
19,6.21,4.58,0.737,1,15,2.78,118,SJF,36.95,22.63,37.16,63.58
20,5.85,4.18,0.715,2,14,1.21,117,SJF,45.45,30.45,52.4,70.9
15,6.0,4.87,0.812,1,15,1.29,90,SJF,38.07,17.07,31.13,57.33
21,6.19,5.28,0.853,2,20,2.6,130,SJF,39.71,20.76,36.9,62.05
22,3.91,2.99,0.765,1,13,2.9,86,SJF,9.68,6.95,9.5,33.77
19,7.0,5.16,0.738,1,16,3.61,133,SJF,46.53,22.26,42.63,71.84
11,5.55,4.93,0.888,1,16,1.2,61,SJF,16.09,10.18,17.09,28.45
9,7.11,5.67,0.797,2,16,2.0,64,SJF,22.56,13.22,20.22,29.44
23,7.74,6.43,0.831,1,23,2.68,178,SJF,53.91,30.65,51.65,81.52
28,6.93,5.04,0.727,1,17,0.96,194,SJF,70.54,43.0,85.54,120.79
24,7.67,5.85,0.763,1,19,4.35,184,SJF,24.04,16.75,24.75,52.42
11,5.18,4.29,0.827,2,15,0.9,57,FCFS,12.27,12.0,16.91,23.64
27,4.41,4.22,0.957,1,18,2.62,119,SJF,29.3,16.59,27.59,49.85
20,6.6,5.24,0.793,2,17,2.79,132,SJF,37.35,21.75,35.4,62.8
16,4.69,3.77,0.805,1,14,1.6,75,SJF,29.12,17.81,32.12,55.94
14,6.57,5.35,0.813,1,16,1.15,92,SJF,37.57,22.5,35.21,52.36
24,6.71,5.23,0.78,2,18,1.26,161,SJF,55.46,34.0,61.12,91.62
25,6.72,4.7,0.699,2,17,2.17,168,SJF,59.2,34.44,55.72,92.12
25,4.16,2.79,0.672,1,14,2.5,104,SJF,19.4,11.2,19.92,51.96
25,5.92,4.89,0.826,1,17,3.92,148,SJF,35.08,15.28,39.96,57.96
7,3.57,0.53,0.15,3,4,0.67,25,SJF,9.0,8.57,9.29,24.14
6,9.67,3.72,0.385,4,14,4.6,58,SJF,11.33,9.83,11.33,24.5
19,6.95,5.22,0.752,2,19,1.67,132,SJF,54.26,27.79,51.95,72.32
9,6.56,5.36,0.818,2,14,1.62,59,SJF,25.67,17.67,26.56,32.0
17,6.0,4.06,0.677,2,13,2.75,102,SJF,28.59,17.06,30.82,53.47
30,5.63,5.37,0.953,1,19,1.79,169,SJF,79.0,31.53,68.87,99.33
9,4.78,3.42,0.716,2,12,0.25,43,SJF,21.11,11.0,21.44,33.33
26,4.81,4.24,0.883,1,17,1.0,125,SJF,52.31,24.23,47.08,79.08
10,6.7,5.25,0.784,2,17,1.33,67,SJF,17.0,12.7,17.5,34.8
28,5.46,4.4,0.805,1,16,2.41,153,SJF,52.0,23.57,52.54,72.46
26,7.62,4.95,0.65,1,17,2.12,198,SJF,58.38,41.38,64.65,100.73
30,6.03,4.46,0.739,1,18,1.59,181,SJF,58.9,34.63,60.53,104.53
22,4.95,3.51,0.709,1,14,1.81,109,SJF,32.14,16.27,36.64,70.55
24,5.54,4.28,0.773,1,15,1.04,133,SJF,57.25,27.33,58.67,81.46
7,5.71,5.12,0.896,2,16,4.5,40,SJF,2.0,1.14,2.0,6.71
24,5.08,3.9,0.767,2,16,1.57,122,SJF,48.17,26.58,44.54,70.83
19,5.68,4.91,0.864,2,17,1.94,108,SJF,33.84,16.68,41.42,52.47
12,4.58,3.58,0.781,1,11,2.36,55,SJF,17.42,9.25,14.58,32.08
10,5.3,4.69,0.885,1,15,2.22,53,SJF,9.9,6.3,10.6,20.3
8,4.5,4.38,0.972,1,15,2.86,36,FCFS,2.75,2.62,2.88,13.0
25,3.76,2.71,0.721,1,12,2.21,94,SJF,24.16,13.28,20.48,51.08
6,6.83,5.12,0.749,2,15,1.4,41,FCFS,5.67,5.67,8.83,14.83
29,5.24,4.59,0.875,1,18,1.36,152,SJF,63.66,26.83,44.41,87.0
21,5.33,4.16,0.781,2,16,2.7,112,SJF,30.67,19.81,32.05,51.29
30,4.97,4.29,0.863,1,15,4.45,149,SJF,18.63,8.6,15.63,39.73
28,5.0,4.79,0.958,1,17,3.59,140,SJF,19.0,9.07,13.75,50.21
28,5.11,4.03,0.789,1,15,2.04,143,SJF,38.82,25.32,48.11,68.68
26,4.38,3.6,0.821,2,14,5.12,114,FCFS,9.23,4.69,8.73,39.58
23,4.52,3.04,0.673,2,12,3.09,104,SJF,18.74,10.91,16.48,47.3
22,6.59,5.79,0.878,2,20,1.24,145,SJF,54.23,27.64,64.14,79.55
19,8.42,5.21,0.619,2,17,1.44,160,SJF,68.68,42.95,52.16,104.68
9,7.0,4.09,0.585,3,12,5.38,63,SJF,13.22,8.78,11.89,21.56
23,5.22,3.61,0.691,1,14,2.77,120,SJF,28.91,17.78,28.43,58.09
6,6.5,4.32,0.665,2,12,0.6,39,SJF,16.5,11.67,18.17,23.0
20,6.8,5.19,0.763,2,19,1.89,136,SJF,54.05,35.25,54.55,84.7
29,4.48,3.67,0.819,1,17,1.79,130,SJF,42.59,20.48,32.66,75.9
7,6.0,4.28,0.714,3,14,2.33,42,SJF,9.0,4.71,12.71,16.0
25,6.68,5.02,0.752,1,17,1.75,167,SJF,56.88,35.52,52.16,96.68
30,5.7,4.5,0.789,1,16,2.59,171,SJF,44.1,21.8,54.03,75.03
20,5.85,4.16,0.711,2,16,1.42,117,SJF,43.5,22.5,26.95,68.7
23,5.61,4.78,0.853,1,17,1.73,129,SJF,44.7,22.3,44.74,63.61
22,5.45,4.14,0.758,2,15,1.24,120,SJF,45.41,28.41,46.73,69.18
23,6.39,4.4,0.688,2,14,2.14,147,SJF,43.3,25.96,52.83,77.39
16,5.81,5.13,0.882,1,16,1.67,93,SJF,29.31,20.06,33.56,42.31
15,6.13,4.52,0.737,1,13,3.36,92,SJF,20.67,13.93,27.47,39.4
14,6.07,5.21,0.858,2,18,1.85,85,SJF,29.86,24.07,32.21,47.0
20,6.1,5.47,0.896,1,17,3.26,122,SJF,33.15,15.75,26.9,54.25
25,5.28,3.51,0.664,2,13,3.54,132,SJF,19.56,14.36,23.2,50.8
17,5.35,4.18,0.781,2,18,6.38,91,SJF,6.12,4.47,9.59,12.71
6,3.17,1.17,0.369,2,5,5.6,19,FCFS,1.0,1.0,1.0,4.0
19,4.74,3.77,0.796,1,14,3.56,90,SJF,12.05,7.79,16.47,34.05
27,5.0,4.29,0.858,1,20,1.69,135,SJF,46.11,23.93,40.56,84.56
14,6.07,5.43,0.894,2,22,2.92,85,SJF,30.07,19.5,24.79,44.64
16,5.31,4.71,0.887,1,17,5.2,85,SJF,7.44,5.19,7.81,17.25
22,4.77,3.99,0.835,1,15,4.57,105,SJF,5.09,3.64,4.91,32.05
11,6.64,5.05,0.76,2,16,1.3,73,SJF,27.27,13.82,24.82,42.91
13,4.08,3.17,0.779,2,13,3.5,53,FCFS,10.54,7.0,11.31,30.31
9,5.56,2.7,0.486,3,11,1.88,50,Priority,14.0,12.44,13.11,35.89
20,5.35,4.07,0.761,2,16,1.32,107,SJF,50.75,25.65,42.9,71.85
21,6.05,5.27,0.871,1,20,1.8,127,SJF,47.0,24.67,48.48,69.81
26,5.81,5.01,0.863,1,18,1.24,151,SJF,49.69,25.04,45.73,77.58
19,6.68,4.98,0.745,2,16,2.0,127,SJF,44.16,22.42,29.37,65.89
20,3.3,1.95,0.591,2,11,1.47,66,SJF,16.3,12.1,15.6,38.8
8,6.62,3.74,0.564,2,12,2.86,53,SJF,17.38,10.62,15.12,32.62
20,6.75,5.76,0.853,1,19,3.0,135,SJF,41.8,20.8,33.7,59.85
21,4.67,4.13,0.884,1,16,2.75,98,SJF,20.05,9.38,21.9,44.05
9,8.33,4.64,0.556,2,14,0.75,75,SJF,39.22,23.33,35.56,61.0
30,8.3,5.1,0.614,1,17,0.76,249,SJF,109.47,76.23,112.03,178.27
27,6.22,4.51,0.725,1,17,3.42,168,SJF,31.63,18.48,28.26,68.67
8,5.5,5.32,0.967,2,15,1.29,44,SJF,23.25,15.38,19.25,24.5
30,5.8,4.16,0.718,1,16,2.28,174,SJF,55.47,30.77,57.83,96.13
19,5.95,5.35,0.899,1,16,2.06,113,SJF,48.68,20.21,45.95,69.0
19,6.42,5.9,0.919,1,19,1.89,122,SJF,28.63,17.21,36.21,49.74
17,5.88,4.08,0.693,2,14,3.44,100,SJF,14.41,8.59,16.35,37.24
19,5.95,4.64,0.78,1,14,1.5,113,SJF,45.79,23.32,48.47,64.95
19,5.37,3.96,0.738,1,14,2.11,102,SJF,30.58,18.42,33.32,52.11
11,7.27,5.71,0.785,2,17,3.4,80,SJF,17.55,11.45,18.0,28.45
12,7.17,4.13,0.576,3,13,1.73,86,SJF,33.17,19.75,29.42,55.67
10,3.5,0.97,0.278,2,5,0.78,35,SJF,13.9,12.3,13.1,35.9
23,6.26,4.84,0.772,1,16,1.36,144,SJF,47.43,36.26,48.74,79.0
6,8.33,4.89,0.586,3,14,4.4,50,SJF,10.5,6.83,6.83,20.83
7,6.57,4.31,0.657,2,12,1.67,46,SJF,20.57,12.57,13.14,32.43
9,8.33,4.72,0.566,2,14,4.5,75,SJF,19.44,14.56,28.78,37.56
15,4.0,2.85,0.713,1,10,1.43,60,SJF,13.2,8.8,17.2,30.67
11,4.09,3.39,0.829,1,12,1.3,45,SJF,15.64,7.45,17.18,28.64
6,4.0,2.97,0.742,2,10,3.2,24,SJF,3.83,2.67,6.5,10.0
23,6.0,5.54,0.923,1,18,3.45,138,SJF,45.61,20.13,48.48,61.91
21,5.81,4.81,0.828,1,18,2.75,122,SJF,35.81,18.67,35.48,59.67
29,5.45,4.18,0.767,1,16,1.5,158,SJF,58.14,26.69,63.45,88.38
10,8.6,5.74,0.667,2,17,1.56,86,SJF,35.2,19.7,35.4,53.6
21,6.48,4.93,0.761,1,16,1.7,136,SJF,40.05,23.52,39.67,75.29
23,6.09,5.26,0.864,1,17,1.55,140,SJF,52.83,32.26,55.22,80.17
25,5.8,3.98,0.686,2,13,2.75,145,SJF,34.92,19.32,37.72,64.72
5,5.0,3.46,0.693,2,11,1.0,25,SJF,8.6,4.6,6.0,14.4
21,4.71,3.81,0.808,2,16,1.6,99,SJF,39.9,22.67,25.76,73.14
9,8.44,6.73,0.797,2,21,2.75,76,SJF,32.33,13.0,26.67,39.22
23,6.3,4.64,0.735,2,16,2.27,145,SJF,43.87,24.43,33.13,76.35
14,4.86,4.33,0.891,1,17,2.31,68,SJF,16.64,11.0,25.43,37.57
22,5.41,4.63,0.855,1,16,1.71,119,SJF,33.68,16.32,28.32,50.68
10,7.6,5.25,0.691,3,17,5.89,76,SJF,15.8,11.0,18.8,31.0
27,6.07,4.35,0.716,1,15,1.77,164,SJF,55.44,31.04,53.33,99.33
30,6.0,4.79,0.799,1,15,2.1,180,SJF,65.03,30.93,62.9,102.27
9,4.89,4.57,0.934,1,15,1.0,44,SJF,10.33,8.33,11.0,24.0
17,5.24,3.85,0.735,2,14,2.62,89,SJF,28.59,12.41,31.76,43.65
6,9.67,5.85,0.606,2,15,6.0,58,FCFS,8.0,8.0,7.67,17.67
21,5.9,5.12,0.867,2,17,1.0,124,SJF,49.38,24.38,47.67,63.52
22,5.0,3.89,0.778,2,16,1.9,110,SJF,25.73,15.77,25.82,62.59
11,7.18,6.6,0.919,2,18,1.1,79,SJF,39.0,18.64,32.64,42.82
15,3.6,1.8,0.501,1,9,2.14,54,FCFS,6.4,5.6,9.07,24.27
8,5.0,4.93,0.986,2,17,0.71,40,SJF,10.75,6.88,7.12,23.5
8,8.0,4.21,0.526,2,14,1.43,64,SJF,21.62,17.62,21.62,42.38
11,7.45,5.89,0.79,3,17,1.4,82,SJF,34.82,17.09,43.0,41.18
19,7.58,5.91,0.78,1,19,3.83,144,SJF,34.42,19.42,31.68,58.0
25,3.96,3.21,0.81,1,12,1.42,99,SJF,25.32,13.88,30.24,57.96
19,6.16,5.03,0.816,2,19,1.67,117,SJF,45.74,28.05,49.89,69.16
12,4.83,4.49,0.929,1,14,2.09,58,SJF,14.92,10.25,15.25,26.83
30,4.0,3.63,0.907,1,16,2.07,120,SJF,37.5,12.3,37.4,65.5
15,7.0,5.11,0.73,1,15,2.86,105,SJF,34.6,17.4,34.07,56.53
8,3.88,2.59,0.668,2,10,3.14,31,FCFS,2.0,2.12,2.12,10.62
5,6.6,5.41,0.82,2,13,1.25,33,FCFS,8.4,8.4,8.4,12.8
29,5.55,4.12,0.742,1,15,2.57,161,SJF,45.28,22.97,55.59,81.07
29,5.21,4.55,0.873,1,19,2.64,151,SJF,32.07,16.28,43.34,60.69
27,5.44,3.94,0.723,2,16,2.58,147,SJF,46.67,25.48,52.93,79.93
27,4.96,4.07,0.82,2,15,1.04,134,SJF,56.67,28.48,43.41,90.56
12,6.5,4.93,0.758,2,15,1.27,78,SJF,27.0,15.33,30.92,42.33
7,3.86,1.95,0.506,2,8,2.5,27,Priority,7.43,6.0,6.86,20.71
8,5.75,3.77,0.656,2,12,1.43,46,SJF,23.25,13.25,17.75,33.62
14,5.79,6.05,1.046,1,18,1.69,81,SJF,29.43,18.86,33.43,36.43
17,5.94,5.09,0.857,2,20,2.94,101,SJF,34.24,21.82,34.35,52.65
30,7.07,5.05,0.715,1,16,3.93,212,SJF,55.93,30.67,61.03,96.73
16,5.06,4.37,0.864,1,15,2.8,81,SJF,23.75,14.88,23.81,45.88
20,6.3,4.97,0.79,2,19,2.05,126,SJF,35.85,22.95,51.0,65.6
23,5.74,4.27,0.743,1,14,2.09,132,SJF,53.09,23.35,55.65,79.7
9,5.56,4.45,0.8,2,14,3.75,50,SJF,15.11,7.56,10.89,25.89
10,5.0,3.8,0.76,1,14,3.11,50,SJF,8.2,5.6,8.3,19.4
21,6.43,4.31,0.67,1,18,1.65,135,SJF,54.24,28.86,48.14,92.95
27,5.56,5.08,0.914,1,18,3.5,150,SJF,23.22,13.26,21.89,51.11
11,4.09,3.81,0.931,1,13,2.1,45,SJF,11.18,4.27,8.73,18.64
18,7.06,5.15,0.73,1,15,2.41,127,SJF,49.78,26.33,44.89,72.83
29,5.69,3.98,0.7,1,15,4.14,165,SJF,34.31,18.17,26.21,69.83
10,3.9,3.14,0.806,1,12,3.33,39,FCFS,3.5,3.5,3.4,12.9
26,5.96,5.36,0.898,1,18,1.64,155,SJF,44.58,24.92,48.88,68.08
27,4.41,3.68,0.835,1,14,1.54,119,SJF,42.33,21.96,37.33,76.48
12,6.67,6.33,0.949,1,21,1.64,80,SJF,44.92,25.92,40.67,51.58
21,4.33,3.07,0.709,2,13,2.0,91,SJF,29.38,16.43,26.52,57.33
28,5.21,4.54,0.871,1,15,3.48,146,SJF,21.43,12.36,23.04,45.0
20,5.05,3.39,0.672,1,12,2.95,101,SJF,27.95,18.5,21.7,51.85
8,8.25,6.11,0.741,2,17,1.57,66,SJF,23.75,13.38,21.0,32.88
21,7.38,5.52,0.748,1,19,1.9,155,SJF,48.43,28.24,46.14,74.86
17,7.18,5.17,0.721,2,16,1.81,122,SJF,44.76,26.18,40.88,63.0
28,6.71,5.33,0.794,1,19,2.44,188,SJF,48.86,31.54,57.39,92.68
11,6.27,6.25,0.996,2,18,1.8,69,SJF,22.64,15.36,17.73,26.73
27,6.81,4.72,0.692,1,15,3.81,184,SJF,43.19,26.56,40.3,88.44
29,5.9,5.0,0.847,1,19,1.57,171,SJF,71.17,31.14,63.21,88.52
19,8.21,5.35,0.652,2,18,1.89,156,SJF,56.0,37.21,62.21,89.32
6,5.33,4.8,0.901,2,12,1.4,32,SJF,14.33,9.5,11.33,15.67
27,6.33,5.02,0.792,1,16,1.42,171,SJF,67.96,33.59,66.33,107.33
23,7.65,4.84,0.632,2,16,1.09,176,SJF,77.48,52.09,79.09,115.26
18,4.61,4.1,0.89,1,15,1.71,83,SJF,20.06,10.22,21.44,39.06
18,6.67,5.13,0.77,1,16,1.53,120,SJF,38.39,21.67,40.39,66.5
6,3.83,0.98,0.256,3,5,1.2,23,SJF,8.83,7.17,9.5,24.17
5,7.0,4.64,0.662,3,13,1.0,35,SJF,14.4,7.4,10.2,17.6
20,4.95,3.33,0.673,2,12,2.26,99,SJF,20.7,13.45,21.6,57.75
8,4.38,2.56,0.585,1,10,2.71,35,SJF,5.62,3.5,7.62,17.5
24,4.75,4.63,0.974,1,18,1.87,114,SJF,48.25,24.92,44.75,70.88
16,8.0,4.82,0.602,2,15,1.33,128,SJF,47.81,32.69,52.5,77.75
6,3.0,1.1,0.365,1,4,1.8,18,SJF,4.33,3.5,4.33,13.17
10,5.8,4.52,0.779,2,14,1.89,58,SJF,24.0,11.9,27.9,35.0
8,4.62,3.02,0.653,3,12,3.14,37,FCFS,6.0,5.62,5.62,15.25
12,4.5,3.71,0.823,1,13,3.18,54,SJF,14.92,6.75,16.42,28.0
29,5.59,4.26,0.763,1,13,1.5,162,SJF,62.0,30.55,58.69,89.69
18,5.11,4.5,0.88,2,17,2.71,92,SJF,22.39,10.44,25.44,37.44
6,6.33,4.03,0.637,3,12,1.4,38,SJF,18.33,7.83,17.5,28.67
19,5.68,4.42,0.778,1,14,1.61,108,SJF,32.16,18.21,24.11,56.47
27,6.22,4.73,0.761,1,16,1.62,168,SJF,71.85,36.7,62.22,104.3
22,6.32,4.65,0.737,2,17,1.76,139,SJF,45.59,28.14,52.36,76.32
13,5.38,4.72,0.876,1,15,1.92,70,SJF,23.15,14.69,26.38,34.08
16,6.12,4.5,0.735,2,15,1.8,98,SJF,42.06,18.94,37.19,59.19
29,6.86,5.59,0.815,1,19,3.82,199,SJF,30.86,17.07,31.28,66.62
17,5.24,3.99,0.763,1,15,2.56,89,SJF,23.47,13.53,18.94,39.88
21,5.48,4.0,0.73,2,15,1.6,115,SJF,46.81,27.05,41.05,77.05
5,8.0,6.56,0.82,3,19,0.5,40,SJF,20.2,10.6,17.2,23.8
23,6.13,5.0,0.816,2,18,1.0,141,SJF,46.61,30.83,60.22,78.52
16,5.81,4.43,0.762,2,15,2.4,93,SJF,27.5,15.5,18.81,43.69
14,7.57,5.76,0.761,2,18,1.54,106,SJF,32.5,27.64,43.07,48.36
25,5.32,4.02,0.755,2,14,2.79,133,SJF,29.72,15.24,29.84,52.8
8,4.12,3.4,0.824,1,10,1.29,33,SJF,9.75,4.38,9.25,18.38
8,6.62,5.04,0.761,1,15,1.29,53,SJF,8.88,8.12,11.12,24.0
21,5.76,5.01,0.869,1,16,2.65,121,SJF,34.71,18.05,32.52,51.0
8,5.62,4.24,0.754,1,14,3.0,45,SJF,11.5,5.12,8.12,20.88
17,4.12,3.66,0.888,1,15,1.88,70,SJF,18.18,8.82,19.59,36.47
8,4.0,4.14,1.035,2,14,0.71,32,SJF,12.38,5.88,13.12,16.0
11,9.27,4.96,0.535,2,15,4.1,102,Priority,33.82,21.82,25.55,60.36
20,8.25,6.1,0.74,1,19,2.84,165,SJF,55.05,31.55,60.35,86.1
15,6.47,4.73,0.732,2,17,1.14,97,SJF,32.73,22.4,35.8,55.6
23,5.35,4.55,0.851,1,15,3.41,123,SJF,26.09,12.78,23.17,46.26
13,9.0,5.57,0.619,2,16,1.67,117,SJF,43.23,28.15,38.38,73.54
10,5.4,4.33,0.801,2,14,2.0,54,SJF,13.5,6.3,6.1,23.4
8,6.5,3.96,0.61,2,14,7.71,52,FCFS,4.75,4.75,5.25,13.0
7,5.71,4.15,0.727,2,13,6.17,40,SJF,6.57,4.71,6.57,17.29
19,5.32,3.9,0.734,1,13,1.39,101,SJF,38.95,19.47,38.21,58.11
7,3.71,1.98,0.532,2,8,2.0,26,FCFS,5.71,5.71,5.71,18.57
11,5.73,4.63,0.808,2,15,2.2,63,SJF,32.27,19.73,31.0,45.91
23,5.35,4.48,0.837,2,18,2.5,123,SJF,33.91,18.3,34.09,59.35
5,2.4,0.89,0.373,1,3,1.0,12,SJF,3.2,2.6,3.6,12.6
12,5.58,4.87,0.872,1,15,1.64,67,SJF,10.42,9.0,14.42,25.58
19,6.95,5.36,0.771,1,19,2.0,132,SJF,47.05,28.05,42.84,72.63
21,8.1,5.78,0.714,1,21,3.0,170,SJF,54.43,32.62,48.1,94.86
12,4.67,3.52,0.755,1,11,1.27,56,SJF,21.0,13.5,23.33,37.67
5,4.8,3.11,0.649,2,10,1.75,24,SJF,4.6,3.0,6.2,11.6
13,6.92,5.02,0.726,1,18,1.58,90,SJF,33.46,19.62,26.15,59.62
23,6.61,5.02,0.759,2,15,2.23,152,SJF,58.52,29.0,54.57,91.65
21,5.1,3.79,0.745,1,14,2.15,107,SJF,39.57,20.19,29.24,65.29
23,5.96,4.28,0.718,1,14,2.86,137,SJF,16.3,12.52,16.3,46.43
24,6.54,5.06,0.774,1,16,2.22,157,SJF,51.62,28.79,62.92,82.46
21,6.43,4.99,0.776,1,18,3.6,135,SJF,29.05,16.38,36.57,54.57
7,7.0,5.97,0.853,2,17,3.33,49,SJF,13.86,8.43,15.14,20.29
28,6.71,4.92,0.733,1,17,2.89,188,SJF,47.54,30.32,56.07,88.21
8,4.62,3.89,0.841,2,14,4.86,37,FCFS,2.62,2.62,2.62,10.88
23,5.09,4.5,0.885,1,16,1.32,117,SJF,50.39,22.04,46.48,65.22
23,5.61,3.97,0.709,2,14,1.5,129,SJF,51.96,26.74,53.96,83.83
12,6.17,4.78,0.776,3,16,2.36,74,SJF,23.92,10.83,15.58,33.42
8,3.25,1.39,0.427,1,5,1.71,26,SJF,7.5,5.38,6.5,17.88
21,5.14,4.16,0.809,2,14,3.15,108,SJF,19.67,10.71,16.05,36.57
28,6.43,5.59,0.869,1,19,1.7,180,SJF,88.11,33.0,79.43,113.18
30,5.93,4.41,0.743,1,16,2.66,178,SJF,54.1,27.33,49.67,90.83
30,6.03,4.72,0.783,1,18,1.34,181,SJF,75.33,35.53,66.63,110.57
25,6.32,5.06,0.8,2,16,3.46,158,SJF,30.36,19.52,27.84,59.88
9,8.11,4.99,0.615,2,16,3.12,73,SJF,12.67,10.33,19.0,29.22
7,7.71,5.94,0.77,1,15,1.5,54,SJF,9.43,8.43,15.71,22.71
19,7.37,5.48,0.744,2,17,1.17,140,SJF,62.68,33.37,66.63,82.63
24,6.38,4.44,0.697,2,15,1.61,153,SJF,54.25,33.54,55.83,87.75
13,5.08,5.24,1.031,1,16,2.0,66,SJF,27.85,11.31,17.23,31.69
6,8.67,7.12,0.821,2,18,2.6,52,SJF,13.33,11.0,24.33,21.33
26,5.38,3.6,0.669,1,15,2.12,140,SJF,32.65,21.96,33.04,66.73
14,4.57,3.55,0.776,2,14,2.31,64,SJF,19.36,9.5,14.21,41.0
16,4.56,4.34,0.95,1,18,2.4,73,SJF,21.62,12.25,23.06,36.56
21,5.29,3.45,0.653,1,14,1.6,111,SJF,38.14,23.0,33.67,68.14
5,3.2,1.64,0.513,1,5,2.0,16,SJF,3.2,1.6,3.2,6.8
24,6.12,5.07,0.827,1,17,1.65,147,SJF,46.12,23.79,42.17,77.58
24,5.75,4.72,0.821,1,16,1.09,138,SJF,44.71,29.5,52.79,73.33
11,8.18,6.32,0.773,2,19,3.5,90,SJF,31.27,14.91,29.09,43.0
28,5.68,4.64,0.818,1,16,1.44,159,SJF,54.36,29.14,56.61,85.5
15,8.07,5.32,0.66,2,16,0.86,121,SJF,42.33,30.93,49.0,73.73
30,6.6,5.54,0.839,1,20,2.48,198,SJF,53.0,30.87,59.67,94.0
15,6.13,4.09,0.666,2,13,1.36,92,SJF,34.93,21.47,36.0,54.87
12,5.5,5.2,0.945,2,15,5.18,66,SJF,6.33,4.08,4.33,10.08
27,5.78,4.89,0.847,1,15,2.04,156,SJF,51.7,22.89,46.33,74.67
18,6.17,4.09,0.663,2,14,2.76,111,SJF,27.94,16.28,26.33,54.89
28,6.57,4.49,0.684,2,15,2.15,184,SJF,54.32,33.32,50.0,101.82
15,5.6,4.64,0.829,2,16,1.07,84,SJF,33.13,17.47,29.13,45.27
17,7.35,5.79,0.787,1,18,1.56,125,SJF,54.59,34.06,51.76,68.47
18,4.56,3.54,0.776,1,12,1.71,82,SJF,26.44,14.67,25.89,50.89
13,8.62,5.61,0.651,1,16,2.58,112,SJF,37.85,26.0,36.69,63.92
25,5.64,4.35,0.771,1,14,1.58,141,SJF,38.44,23.4,44.88,72.6
24,6.54,5.18,0.791,2,16,1.61,157,SJF,56.83,33.08,53.79,82.5
10,4.1,2.64,0.645,2,11,0.89,41,SJF,12.8,10.0,17.8,27.8
16,4.88,4.38,0.898,1,16,2.53,78,FCFS,15.5,10.38,15.75,35.25
18,5.11,3.77,0.738,1,15,1.82,92,SJF,25.72,14.17,19.67,46.33
8,8.0,5.83,0.729,3,16,4.0,64,SJF,17.38,8.75,8.75,22.75
22,6.18,4.82,0.779,1,16,1.52,136,SJF,38.95,26.05,56.59,72.14
5,7.8,5.36,0.687,3,15,1.5,39,SJF,18.0,11.4,16.4,22.2
7,7.14,5.01,0.702,2,14,6.67,50,SJF,9.71,5.14,9.29,17.0
16,4.69,4.01,0.856,1,15,1.07,75,SJF,29.56,15.44,30.06,47.88
29,5.48,4.22,0.77,1,16,4.54,159,FCFS,27.55,13.41,25.45,58.07
30,4.43,3.53,0.796,1,14,1.28,133,SJF,50.13,24.4,53.77,87.5
9,5.44,4.45,0.817,1,13,3.75,49,SJF,9.67,5.22,9.0,17.44
24,6.12,4.15,0.678,1,14,1.39,147,SJF,49.62,31.17,55.67,86.38
8,3.25,2.82,0.866,1,10,2.71,26,SJF,7.88,3.75,9.38,13.88
12,9.08,5.21,0.574,3,15,1.82,109,SJF,42.75,27.67,31.75,62.25
8,4.38,2.2,0.503,2,9,1.43,35,SJF,11.0,6.38,11.25,25.62
12,5.75,4.39,0.764,1,13,2.73,69,SJF,22.33,12.25,21.0,38.58
12,5.5,3.63,0.66,1,13,2.45,66,SJF,26.58,17.42,21.08,48.25
15,6.0,4.84,0.807,2,17,2.21,90,SJF,22.73,12.0,18.33,41.67
14,7.14,5.27,0.738,1,15,2.62,100,SJF,33.07,18.21,34.57,48.86
13,4.85,5.29,1.091,1,17,1.42,63,SJF,25.92,15.54,24.46,35.08
6,3.33,1.21,0.363,2,5,0.6,20,SJF,7.5,5.83,7.33,16.0
17,4.59,4.65,1.014,1,15,1.88,78,SJF,20.88,12.12,22.12,34.59
26,5.81,4.56,0.785,2,17,1.32,151,SJF,54.77,28.96,53.73,79.42
13,8.0,5.12,0.639,2,14,2.42,104,SJF,27.92,21.23,37.69,52.92
10,7.0,6.09,0.87,1,16,1.33,70,SJF,29.1,20.6,28.0,34.3
9,5.44,3.81,0.7,3,13,0.62,49,SJF,20.11,13.56,20.44,30.78
21,5.95,4.66,0.783,1,16,3.05,125,SJF,38.29,19.29,38.52,65.76
6,7.0,5.18,0.74,3,15,0.4,42,SJF,16.67,14.17,14.17,22.0
17,5.88,4.9,0.833,2,20,2.19,100,SJF,30.12,13.94,31.71,48.71
24,6.04,4.73,0.783,1,16,3.96,145,SJF,33.62,15.88,41.17,63.96
12,6.08,6.08,1.0,2,19,3.64,73,SJF,19.92,11.0,21.0,26.25
6,10.33,5.05,0.488,3,15,1.6,62,SJF,21.17,17.33,23.83,35.67
9,6.67,3.87,0.581,3,15,2.88,60,SJF,7.11,7.0,8.33,26.33
25,6.08,3.86,0.635,2,14,3.83,152,SJF,24.52,13.76,18.32,56.56
11,9.18,5.08,0.553,1,15,2.1,101,SJF,32.91,26.64,37.27,61.27
19,6.26,4.92,0.786,1,15,1.44,119,SJF,41.26,26.95,42.95,69.21
9,4.56,3.61,0.792,2,14,7.12,41,FCFS,3.89,3.89,4.22,5.22
8,4.0,3.38,0.845,1,12,1.43,32,SJF,11.12,4.38,6.88,18.38
9,4.44,3.75,0.843,1,11,1.38,40,SJF,11.89,5.56,6.44,21.67
29,7.28,5.24,0.721,1,20,2.0,211,SJF,61.66,40.03,71.17,99.24
8,4.88,3.27,0.671,2,11,1.86,39,SJF,8.12,7.62,10.62,22.75
10,6.6,4.55,0.69,2,15,3.11,66,SJF,19.8,11.6,21.2,34.2
10,3.4,1.58,0.464,2,7,4.0,34,SJF,1.6,1.4,1.4,14.9
6,7.5,5.21,0.694,1,14,5.0,45,SJF,2.17,1.67,1.67,9.33
28,4.89,3.89,0.795,1,16,3.56,137,SJF,29.46,12.5,25.75,57.64
9,5.78,5.38,0.931,2,17,1.12,52,SJF,10.67,8.33,11.44,20.44
26,4.62,3.69,0.799,1,15,2.92,120,SJF,26.96,12.04,25.58,55.81
16,5.0,3.98,0.797,1,13,1.53,80,SJF,19.88,13.19,21.12,45.81
25,6.72,5.42,0.807,2,17,3.67,168,SJF,34.08,18.68,37.88,64.08
18,4.89,3.89,0.797,2,15,1.06,88,SJF,27.5,16.78,23.44,53.83
25,4.36,3.93,0.9,2,18,3.38,109,SJF,17.48,11.48,14.08,42.68
16,4.88,4.16,0.854,1,16,3.0,78,SJF,14.94,8.5,15.62,38.44
24,4.67,3.75,0.803,2,16,1.65,112,SJF,33.0,18.83,35.0,66.92
23,5.91,4.39,0.742,2,16,4.18,136,SJF,20.3,12.57,22.35,45.91
22,5.0,3.42,0.685,1,12,3.24,110,SJF,20.32,11.23,15.64,49.5
10,3.7,3.37,0.91,2,13,2.67,37,SJF,5.9,2.5,3.8,9.4
14,6.29,5.28,0.841,2,18,3.08,88,SJF,19.93,13.07,23.57,36.64
18,5.67,4.64,0.819,2,16,3.18,102,SJF,21.89,15.22,19.5,43.44
15,3.67,2.06,0.561,1,10,5.0,55,SJF,3.4,2.93,3.07,15.33
19,6.21,4.29,0.691,2,15,3.33,118,SJF,14.68,13.42,14.0,42.16
27,5.89,4.68,0.796,2,14,1.77,159,SJF,49.56,30.44,55.56,79.48
8,5.0,4.14,0.828,2,15,0.71,40,SJF,20.38,19.0,19.88,31.0
26,5.96,5.2,0.872,1,19,2.0,155,SJF,54.73,30.46,54.38,82.77
24,5.58,4.83,0.864,1,17,1.87,134,SJF,31.71,17.88,30.75,58.67
27,7.26,5.34,0.736,2,17,1.58,196,SJF,69.15,41.15,75.7,105.11
23,7.61,5.91,0.776,1,19,3.18,175,SJF,72.78,35.48,59.7,107.57
28,5.71,4.97,0.87,2,17,3.48,160,SJF,35.5,18.32,23.75,66.43
28,3.89,2.45,0.631,1,12,2.04,109,SJF,33.36,19.43,30.89,69.54
27,5.85,4.83,0.826,1,16,1.12,158,SJF,59.07,31.48,71.78,84.74
23,6.0,4.29,0.714,1,17,1.55,138,SJF,52.04,28.48,47.48,86.74
15,7.4,5.41,0.731,1,16,3.57,111,SJF,22.6,13.6,16.87,41.13
19,4.79,4.67,0.976,1,17,1.89,91,SJF,13.84,8.58,11.68,38.53
15,5.87,4.82,0.822,1,17,4.29,88,SJF,13.2,7.87,14.47,26.27
27,6.07,4.72,0.777,1,16,2.54,164,SJF,55.41,27.04,49.59,89.48
30,5.73,4.98,0.869,1,19,2.76,172,SJF,40.97,16.03,42.87,71.0
11,7.27,5.26,0.723,1,16,1.9,80,SJF,21.55,16.82,23.55,37.82
30,6.0,4.72,0.787,2,15,1.76,180,SJF,65.17,33.77,54.2,98.27
10,3.1,1.1,0.355,2,5,2.78,31,FCFS,4.0,3.5,3.7,10.8
11,6.45,4.82,0.747,2,15,2.1,71,SJF,24.36,15.0,26.55,40.55
7,6.29,6.24,0.992,2,18,1.83,44,SJF,12.57,6.86,14.86,15.43
14,3.93,3.29,0.838,2,12,1.92,55,SJF,18.93,8.5,20.93,30.0
18,7.11,4.81,0.677,1,16,1.41,128,SJF,53.11,34.17,49.61,76.22
17,6.06,5.21,0.861,2,19,1.19,103,SJF,25.0,19.59,29.29,46.41
10,4.9,4.12,0.841,2,14,2.22,49,SJF,14.1,13.2,17.0,27.8
8,4.62,2.56,0.554,3,10,3.0,37,SJF,6.12,4.25,7.12,17.88
7,5.57,5.38,0.966,2,16,5.83,39,SJF,7.14,5.86,8.29,11.86
18,6.22,4.82,0.775,1,17,2.71,112,SJF,35.61,20.0,36.22,59.39
24,4.21,2.99,0.711,2,13,2.26,101,SJF,20.67,12.08,19.17,51.08
27,4.81,4.39,0.913,1,17,3.27,130,SJF,34.07,13.89,28.85,64.52
29,5.79,4.32,0.746,1,14,3.89,168,SJF,25.86,14.93,23.79,64.41
23,4.13,3.2,0.774,1,12,1.05,95,SJF,31.61,20.96,42.91,64.13
13,5.69,5.17,0.908,3,18,0.83,74,SJF,33.38,15.62,22.15,40.0
9,6.56,6.29,0.959,2,18,2.12,59,SJF,25.33,15.89,26.67,28.33
27,6.33,4.66,0.735,2,17,2.35,171,SJF,48.89,26.0,53.44,80.7
21,4.57,3.19,0.697,1,11,1.55,96,SJF,37.24,22.71,27.38,68.9
20,5.85,4.66,0.797,1,15,2.53,117,SJF,23.65,16.9,33.3,48.45
25,6.64,4.84,0.729,2,16,3.25,166,SJF,35.32,21.12,41.64,62.6
7,6.14,4.98,0.811,2,15,6.0,43,FCFS,4.43,4.43,4.86,11.0
24,4.67,4.01,0.859,1,16,2.09,112,SJF,26.12,14.79,34.08,61.79
12,6.33,4.31,0.681,2,13,1.91,76,SJF,22.92,13.42,19.25,40.75
23,5.65,4.97,0.879,1,19,1.68,130,SJF,53.04,29.35,37.22,78.26
30,5.83,4.14,0.711,2,14,1.86,175,SJF,65.57,34.5,59.27,110.17
9,7.33,6.08,0.829,2,16,2.5,66,SJF,18.11,10.22,26.22,25.89
14,5.57,4.22,0.757,1,14,2.23,78,SJF,14.21,9.86,13.86,28.71
20,5.1,4.06,0.797,1,15,3.95,102,SJF,9.75,7.55,8.5,24.75
26,4.73,3.77,0.797,1,14,2.0,123,SJF,43.35,21.58,48.15,81.81
9,6.67,6.6,0.989,2,21,3.0,60,SJF,11.22,5.78,17.89,17.78
8,5.5,5.26,0.957,1,16,2.43,44,SJF,10.0,7.12,10.25,14.12
10,7.9,4.86,0.616,2,14,1.78,79,SJF,22.9,17.3,18.2,40.5
5,5.0,3.94,0.787,3,12,2.25,25,FCFS,1.2,1.2,2.8,9.4
30,6.0,4.6,0.767,1,16,2.59,180,SJF,47.47,23.7,64.2,83.13
9,8.78,5.52,0.629,3,18,1.62,79,SJF,22.89,18.33,29.56,39.33
15,7.07,4.85,0.686,2,15,1.21,106,SJF,44.4,25.0,47.07,60.33
28,6.32,4.73,0.748,1,15,2.22,177,SJF,44.93,28.32,54.68,82.32
30,5.17,3.79,0.733,2,16,1.24,155,SJF,53.4,33.13,57.13,86.67
13,5.62,4.86,0.865,2,15,1.92,73,SJF,19.15,16.31,25.46,28.69
22,6.05,4.57,0.756,1,17,2.62,133,SJF,33.23,19.55,47.41,63.05
5,6.2,5.22,0.841,2,14,1.0,31,SJF,8.4,6.4,6.4,13.0
30,6.33,4.56,0.72,1,16,1.31,190,SJF,90.7,42.57,72.37,132.47
5,6.8,5.26,0.774,2,13,1.25,34,SJF,11.8,11.6,13.4,17.0
24,4.71,3.71,0.788,1,16,2.83,113,SJF,14.33,9.58,15.96,49.67
16,7.44,5.44,0.731,2,19,4.27,119,SJF,30.94,19.5,23.62,51.81
11,5.91,3.62,0.612,3,13,1.8,65,SJF,27.36,18.82,26.55,47.36
7,6.43,4.96,0.772,2,15,1.5,45,SJF,19.29,11.43,16.57,24.14
20,5.4,4.98,0.922,1,16,2.74,108,SJF,33.65,14.0,31.05,45.15
22,5.95,4.69,0.787,1,16,2.0,131,SJF,38.5,21.86,40.64,66.41
16,5.81,4.17,0.717,2,14,2.13,93,SJF,27.94,15.0,32.62,45.0
13,7.77,5.2,0.669,3,17,2.83,101,SJF,32.54,20.69,28.31,51.15
7,4.86,4.1,0.844,1,12,1.17,34,SJF,9.57,7.29,8.0,19.0
21,5.0,4.1,0.82,1,16,3.95,105,SJF,12.19,9.24,19.14,41.57
7,5.71,3.68,0.645,3,12,1.67,40,SJF,5.71,5.29,7.29,16.86
8,4.88,5.0,1.025,2,17,2.71,39,SJF,10.38,3.5,11.5,16.0
9,5.89,4.78,0.812,1,14,1.5,53,SJF,21.44,9.44,21.44,29.67
16,7.12,4.59,0.644,2,14,6.07,114,FCFS,16.31,9.69,15.69,29.0
13,6.0,4.86,0.811,1,14,0.92,78,SJF,30.46,17.38,32.85,43.69
9,5.89,4.4,0.747,2,13,1.88,53,SJF,12.56,8.67,16.89,27.78
27,6.22,4.2,0.675,2,16,2.54,168,SJF,43.67,26.81,45.59,81.22
22,5.23,3.87,0.74,2,14,2.76,115,SJF,25.45,13.14,26.86,50.36
16,5.19,3.92,0.756,2,14,1.47,83,SJF,18.5,13.44,18.5,37.5
23,6.7,5.21,0.778,1,18,1.82,154,SJF,65.43,35.96,64.87,91.83
14,5.14,3.48,0.677,2,13,0.92,72,SJF,26.86,17.14,31.86,43.71
28,6.25,4.61,0.737,1,17,2.0,175,SJF,58.43,33.11,60.79,102.14
6,4.5,3.89,0.864,1,12,1.2,27,SJF,6.67,4.17,9.0,16.5
24,7.04,5.49,0.779,2,19,1.91,169,SJF,56.46,29.54,60.67,81.62
7,7.57,5.19,0.686,2,15,2.67,53,FCFS,13.57,13.57,15.0,26.0
28,4.82,3.15,0.654,2,15,1.78,135,SJF,31.43,22.82,41.46,79.82
5,5.0,4.0,0.8,2,12,1.0,25,SJF,11.0,4.8,11.8,16.6
30,7.6,5.68,0.748,1,20,1.34,228,SJF,94.4,55.17,103.83,132.5
14,5.36,4.72,0.88,1,15,1.15,75,SJF,25.29,13.5,23.57,38.79
8,6.0,5.04,0.84,2,15,2.71,48,SJF,17.12,14.88,19.62,22.12
25,6.0,4.99,0.832,1,18,1.46,150,SJF,57.72,28.12,46.52,80.76
20,7.2,4.65,0.646,2,17,3.89,144,SJF,25.95,18.5,36.4,54.7
9,6.44,3.91,0.607,2,11,0.88,58,SJF,16.56,13.78,19.11,35.89
8,8.38,5.34,0.638,3,15,1.43,67,SJF,26.88,19.88,23.88,37.75
22,5.41,4.9,0.905,1,17,3.48,119,SJF,37.05,16.77,33.09,58.32
26,5.38,4.12,0.765,1,16,1.8,140,SJF,47.15,22.77,39.0,73.85
14,5.07,3.34,0.658,2,12,2.38,71,SJF,17.14,10.57,14.71,35.5
7,6.57,4.69,0.713,2,14,1.33,46,SJF,17.14,11.14,17.0,28.57
8,8.88,6.29,0.709,3,18,1.43,71,SJF,29.12,16.0,30.38,37.88
14,4.64,3.46,0.744,2,14,2.15,65,SJF,11.64,7.07,10.36,32.5
11,4.91,3.73,0.759,1,13,3.0,54,SJF,15.73,10.27,14.82,38.0
16,5.88,4.6,0.783,1,14,1.07,94,SJF,36.12,18.38,33.75,55.25
29,5.97,4.47,0.749,1,15,2.71,173,SJF,39.31,24.34,41.86,76.45
15,6.4,5.75,0.899,1,20,3.5,96,SJF,26.2,15.33,24.2,43.27
7,4.14,2.67,0.645,2,10,1.83,29,SJF,7.71,4.29,6.29,15.0
18,4.61,4.02,0.871,2,15,2.06,83,SJF,30.94,15.28,28.0,50.89
12,6.92,5.2,0.751,2,15,2.91,83,SJF,19.33,14.33,17.17,36.92
13,4.15,3.11,0.748,2,13,3.58,54,SJF,6.54,4.15,8.77,23.85
11,4.64,3.53,0.761,2,12,1.4,51,SJF,16.0,8.36,17.09,30.18
5,4.4,1.52,0.345,3,6,2.0,22,FCFS,2.8,2.8,2.8,12.2
17,5.29,4.81,0.908,1,16,1.56,90,SJF,33.0,14.06,28.59,47.65
25,5.08,4.05,0.797,1,16,1.96,127,SJF,29.88,16.36,38.6,55.08
21,4.9,3.88,0.792,1,15,1.75,103,SJF,29.29,20.48,31.76,63.76
15,5.67,4.12,0.727,2,14,1.93,85,SJF,20.53,11.0,12.8,36.53
27,5.96,4.68,0.785,1,20,2.96,161,SJF,36.96,19.04,40.41,67.93
22,4.64,4.04,0.872,2,15,1.67,102,SJF,32.82,15.23,36.68,54.41
12,4.08,4.12,1.01,2,17,2.55,49,FCFS,6.42,6.17,6.83,18.25
26,6.19,4.66,0.752,2,16,5.16,161,SJF,16.69,9.15,20.65,48.65
6,6.5,5.24,0.807,1,14,0.6,39,SJF,13.5,6.67,17.17,20.5
20,3.8,2.4,0.631,1,12,4.26,76,FCFS,2.05,2.0,2.0,17.5
20,6.2,4.77,0.77,1,16,1.95,124,SJF,51.15,22.95,41.25,74.75
12,5.83,4.93,0.846,1,14,1.09,70,SJF,34.08,18.0,35.25,42.67
25,6.4,4.4,0.687,2,15,3.79,160,SJF,43.08,21.72,40.0,83.48
27,6.37,4.46,0.701,1,15,2.31,172,SJF,47.33,29.78,63.15,94.44
25,5.64,4.79,0.849,1,16,2.21,141,SJF,51.92,26.72,55.56,82.8
24,4.5,3.24,0.721,1,15,1.78,108,SJF,38.46,19.5,32.25,72.71
27,5.44,3.17,0.582,1,11,1.85,147,SJF,52.48,31.74,48.22,97.81
24,8.08,5.19,0.642,2,16,1.52,194,SJF,78.58,47.21,76.38,121.04
20,6.95,5.84,0.84,2,19,1.37,139,SJF,42.3,25.45,43.65,67.85
29,5.59,4.78,0.857,1,19,3.61,162,SJF,24.9,12.72,30.62,50.03
25,5.8,4.52,0.779,1,15,1.21,145,SJF,56.52,31.92,59.04,83.44
10,4.8,2.49,0.518,2,8,2.44,48,SJF,12.8,8.0,14.3,29.2
29,6.1,4.81,0.787,1,18,4.89,177,SJF,24.03,13.17,21.55,48.62
21,4.29,3.89,0.907,1,13,2.1,90,SJF,19.95,13.19,24.43,38.76
30,6.63,5.1,0.768,1,18,1.93,199,SJF,64.47,36.67,61.47,105.53
14,5.64,4.8,0.85,1,14,2.23,79,SJF,31.14,12.21,33.5,42.43
12,5.42,3.6,0.665,1,12,4.18,65,SJF,8.58,6.83,9.08,23.08
26,6.88,5.63,0.818,2,19,2.68,179,SJF,64.62,30.96,74.58,97.69
25,7.52,5.17,0.688,2,16,1.17,188,SJF,70.48,45.24,83.92,103.6
26,4.23,3.41,0.806,1,14,1.52,110,SJF,36.62,19.85,33.77,70.96
13,5.31,5.42,1.022,1,16,0.92,69,SJF,31.92,11.46,33.15,34.38
12,7.67,4.75,0.62,2,15,2.27,92,SJF,37.17,22.25,27.0,56.58
14,5.79,3.68,0.637,2,12,1.46,81,SJF,33.5,19.57,33.07,47.57
11,7.09,4.32,0.61,3,15,1.4,78,SJF,35.45,20.0,27.73,48.09
13,5.85,3.85,0.658,2,12,3.5,76,SJF,16.0,9.08,18.15,36.38
18,5.67,4.55,0.803,1,14,1.29,102,SJF,40.61,22.89,40.11,60.28
30,7.07,5.25,0.742,2,19,1.24,212,SJF,101.23,51.3,73.93,129.8
24,5.88,5.13,0.873,1,16,1.43,141,SJF,55.58,24.79,38.29,73.75
16,6.19,5.29,0.856,2,17,3.4,99,SJF,20.94,9.19,18.38,38.44
11,7.09,5.77,0.814,1,18,2.2,78,Priority,23.18,18.27,18.91,33.18
22,4.36,3.84,0.879,1,14,2.52,96,SJF,23.59,10.41,20.95,42.5
29,5.55,4.98,0.896,1,20,1.57,161,SJF,72.72,40.79,63.69,97.97
19,6.79,4.64,0.683,2,15,1.78,129,SJF,35.37,25.0,34.42,67.95
27,6.48,4.7,0.725,1,16,2.15,175,SJF,45.85,28.3,43.85,88.93
24,5.88,4.43,0.753,2,15,4.7,141,SJF,21.42,12.67,17.67,51.67
10,7.3,5.7,0.78,2,16,2.56,73,SJF,25.0,13.8,18.5,36.9
14,3.29,2.05,0.625,1,9,3.85,46,FCFS,5.07,4.21,5.36,23.29
8,7.0,3.63,0.518,3,12,1.43,56,SJF,20.75,15.25,22.12,33.12
8,4.5,4.28,0.95,1,14,3.71,36,SJF,4.62,4.0,5.0,17.38
26,5.23,4.33,0.828,2,16,2.04,136,SJF,36.77,16.69,34.88,54.69
24,6.04,5.24,0.867,1,17,2.61,145,SJF,30.0,16.83,37.04,54.67
24,7.71,5.83,0.757,1,18,1.13,185,SJF,72.92,41.46,72.54,109.83
13,6.08,4.68,0.77,2,15,1.33,79,SJF,26.69,13.08,24.15,40.23
25,7.28,6.09,0.836,1,21,1.17,182,SJF,79.36,42.88,80.96,105.48
5,8.0,4.95,0.619,2,14,4.5,40,SJF,11.0,8.6,8.6,20.0
18,5.17,4.72,0.913,2,18,3.94,93,SJF,11.67,5.33,11.17,26.39
18,4.61,3.4,0.737,1,12,2.88,83,SJF,11.39,6.67,14.17,39.0
29,5.38,4.32,0.803,1,17,1.46,156,SJF,55.55,35.17,59.72,86.52
25,6.12,4.35,0.711,1,16,1.75,153,SJF,61.92,33.32,52.68,104.16
10,4.0,2.67,0.667,2,11,2.22,40,SJF,5.9,3.3,5.9,15.6
9,5.0,4.12,0.825,1,11,0.62,45,SJF,10.44,9.11,16.89,25.0
16,5.88,5.12,0.872,2,16,1.4,94,SJF,25.75,18.69,31.0,43.44
11,5.91,4.78,0.81,2,14,0.9,65,SJF,28.45,13.18,33.82,35.09
29,4.76,3.59,0.755,1,15,2.29,138,SJF,30.24,19.1,27.24,72.83
24,5.12,3.85,0.751,2,14,2.48,123,SJF,34.0,18.21,38.67,59.58
28,5.82,5.16,0.886,2,23,2.41,163,SJF,39.29,20.11,41.46,65.64
25,4.64,3.46,0.746,1,13,1.71,116,SJF,38.88,22.56,36.12,73.8
10,7.2,4.66,0.647,2,14,3.44,72,FCFS,13.0,9.2,16.3,29.0
27,7.33,5.29,0.722,1,19,1.62,198,SJF,64.48,43.22,70.93,104.85
7,6.29,5.65,0.899,2,15,4.33,44,FCFS,2.43,2.43,2.43,7.57
9,5.78,3.87,0.669,2,13,4.75,52,SJF,7.78,6.22,7.67,21.78
20,5.75,5.1,0.887,1,16,2.37,115,SJF,25.2,16.65,32.9,38.4
7,7.43,5.44,0.733,3,16,2.5,52,SJF,10.29,8.86,10.29,16.71
9,3.0,1.22,0.408,1,5,1.62,27,SJF,6.78,5.78,6.67,17.78
12,4.83,4.17,0.864,1,15,2.09,58,SJF,19.33,11.0,13.83,34.75
22,5.05,4.28,0.849,2,15,1.24,111,SJF,54.41,22.73,44.41,64.18
22,5.5,4.09,0.744,2,16,1.43,121,SJF,32.82,22.09,39.86,58.82
28,6.79,5.02,0.74,2,17,4.96,190,FCFS,21.82,12.04,29.04,55.0
14,7.64,5.81,0.761,2,18,2.62,107,SJF,35.0,19.71,35.14,51.0
21,5.1,4.6,0.903,2,19,1.2,107,SJF,32.19,20.43,38.95,52.14
24,5.96,4.39,0.737,1,15,2.65,143,SJF,41.17,20.54,34.29,72.96
24,6.83,4.95,0.724,1,15,1.3,164,SJF,63.29,36.62,64.17,101.46
17,6.35,5.38,0.848,2,16,1.0,108,SJF,44.71,20.35,35.47,58.76
17,6.47,4.36,0.674,2,15,1.62,110,SJF,41.59,25.12,37.65,69.88
9,3.67,2.06,0.562,2,9,2.88,33,FCFS,5.11,5.11,5.11,17.0
10,5.6,4.74,0.847,2,14,5.22,56,SJF,5.6,3.6,4.7,10.1
28,5.46,4.58,0.839,1,17,1.74,153,SJF,54.21,28.21,40.71,80.29
30,5.9,4.89,0.828,2,16,1.38,177,SJF,68.4,34.6,72.3,94.47
23,5.13,4.16,0.811,1,15,2.23,118,SJF,32.57,16.3,36.13,60.74
6,4.67,4.68,1.002,1,14,0.6,28,SJF,5.0,4.67,11.17,15.83
25,5.56,4.31,0.775,1,15,1.38,139,SJF,55.36,27.0,61.4,81.12
15,6.4,5.1,0.796,2,15,2.57,96,SJF,19.4,12.53,16.8,37.0
16,7.81,4.46,0.571,2,15,1.0,125,SJF,37.38,32.38,42.62,77.62
15,7.8,6.48,0.831,1,19,1.86,117,SJF,46.0,20.67,35.33,60.07
29,6.17,5.15,0.834,1,19,2.21,179,SJF,50.14,25.0,43.86,84.41
6,3.83,3.54,0.925,2,11,2.8,23,FCFS,0.67,0.67,0.67,3.5
12,6.17,4.3,0.698,1,12,2.09,74,SJF,29.75,16.33,19.5,48.33
11,6.18,5.12,0.827,3,18,1.8,68,SJF,19.27,11.27,28.55,30.45
28,4.79,4.65,0.972,1,18,4.26,134,SJF,14.71,7.64,10.25,44.21
7,5.57,4.58,0.822,1,12,1.33,39,SJF,12.71,7.57,14.0,19.43
29,6.69,5.69,0.85,1,17,1.96,194,SJF,62.21,32.48,71.45,103.07
21,5.33,4.94,0.927,1,16,1.9,112,SJF,36.05,17.1,33.1,48.19
25,4.72,4.14,0.877,2,14,5.79,118,FCFS,5.48,4.48,5.2,24.56
10,5.2,4.52,0.869,2,15,1.11,52,SJF,16.9,14.1,21.5,28.0
16,4.81,4.35,0.905,2,15,2.13,77,SJF,25.69,13.44,23.38,47.5
28,6.21,4.82,0.775,1,15,1.44,174,SJF,74.18,34.0,77.75,107.0
10,6.8,4.52,0.664,3,16,0.56,68,SJF,34.2,20.7,30.3,51.8
15,5.4,4.55,0.842,1,15,5.43,81,SJF,9.07,6.0,9.8,21.8
15,2.93,1.71,0.583,1,8,1.29,44,SJF,11.27,8.6,17.4,41.47
29,5.28,3.93,0.744,2,14,2.96,153,SJF,33.9,18.31,34.76,66.97
24,4.88,4.18,0.858,2,16,2.74,117,SJF,28.46,12.04,23.12,55.96
30,6.4,5.35,0.836,1,18,6.41,192,FCFS,12.43,8.43,13.53,34.37
17,4.47,3.92,0.878,1,16,1.25,76,SJF,23.76,13.76,16.76,43.41
7,5.0,4.0,0.8,2,12,1.17,35,SJF,7.29,4.86,8.71,17.57
11,7.09,5.39,0.761,1,17,2.7,78,SJF,17.36,9.0,15.55,27.64
22,3.64,2.5,0.687,1,11,2.9,80,SJF,9.55,5.73,9.09,32.59
13,3.92,3.75,0.956,1,14,6.75,51,FCFS,1.23,1.23,1.23,6.92
30,4.93,4.46,0.903,1,20,1.55,148,SJF,42.07,20.2,37.07,86.03
26,4.73,3.53,0.746,2,13,2.44,123,SJF,35.85,17.77,32.88,70.38
22,5.68,4.03,0.709,1,15,3.33,125,SJF,27.41,16.18,21.82,56.45
8,7.0,4.5,0.643,3,14,2.71,56,SJF,21.25,12.88,17.5,28.75
28,5.36,4.27,0.797,1,16,1.22,150,SJF,42.82,28.0,46.18,75.75
9,8.0,5.55,0.693,3,15,0.62,72,SJF,28.67,16.78,26.89,38.44
16,3.5,2.19,0.626,1,11,1.53,56,SJF,13.31,8.06,10.0,32.62
15,5.87,4.16,0.708,1,13,1.5,88,SJF,22.8,17.6,25.07,44.47
15,6.73,4.96,0.737,1,15,2.71,101,SJF,35.2,18.4,35.8,56.87
24,3.62,1.47,0.405,2,8,0.7,87,SJF,32.96,24.88,31.42,72.71
26,6.58,5.69,0.865,1,19,1.44,171,SJF,57.85,28.46,56.77,90.23
29,6.38,5.14,0.805,1,20,2.0,185,SJF,56.97,31.0,56.93,95.07
12,5.33,4.14,0.777,1,12,1.64,64,SJF,18.42,10.17,15.25,32.42
17,4.35,3.92,0.901,1,13,4.25,74,SJF,10.65,8.18,12.18,30.47
11,4.91,3.36,0.684,2,12,1.7,54,SJF,12.0,8.09,15.45,31.64
23,6.65,5.95,0.895,2,19,0.95,153,SJF,55.09,30.04,63.78,77.39
13,6.38,5.27,0.825,2,18,1.58,83,SJF,35.92,16.85,36.31,52.54
17,8.06,5.66,0.703,1,19,4.12,137,SJF,28.94,14.53,29.41,44.24
26,8.15,5.83,0.715,2,20,2.52,212,SJF,89.0,43.08,72.77,122.31
9,5.33,4.87,0.914,1,16,1.75,48,SJF,15.89,7.22,13.89,20.44
7,8.0,7.23,0.904,2,22,3.33,56,SJF,12.57,8.43,12.29,18.29
26,5.23,3.86,0.738,2,16,1.84,136,SJF,49.62,24.12,44.15,71.04
19,4.79,4.05,0.845,1,15,1.67,91,SJF,18.53,15.0,25.11,42.11
13,5.23,3.32,0.635,1,11,2.58,68,SJF,14.23,11.0,19.0,30.38
25,7.08,5.08,0.718,1,17,1.29,177,SJF,70.36,40.32,53.72,98.8
15,5.2,3.86,0.742,2,15,3.64,78,SJF,10.2,6.67,10.53,21.13
25,5.88,4.14,0.703,1,14,1.38,147,SJF,49.48,30.92,42.12,91.48
23,4.61,3.83,0.832,2,15,6.23,106,FCFS,3.74,3.57,4.35,18.3
22,7.0,5.96,0.851,1,19,1.71,154,SJF,58.77,33.36,67.32,79.09
22,4.82,3.92,0.814,2,15,1.0,106,SJF,34.09,21.73,39.32,66.55
24,6.83,5.39,0.788,2,19,1.52,164,SJF,56.5,30.5,49.29,98.33
10,9.1,6.42,0.705,2,17,3.22,91,FCFS,16.9,16.9,17.8,32.3
11,6.45,4.44,0.687,2,14,2.7,71,SJF,17.09,13.73,17.73,36.55
29,6.28,5.61,0.894,1,19,1.29,182,SJF,57.45,31.97,67.9,85.86
8,6.25,6.07,0.97,2,17,1.43,50,SJF,22.88,13.62,15.12,22.62
20,6.9,5.58,0.809,2,17,2.21,138,SJF,35.35,21.2,44.05,60.0
18,6.17,4.66,0.755,2,15,2.0,111,SJF,46.17,21.72,48.28,71.28
13,4.08,3.43,0.841,2,13,1.33,53,SJF,19.31,11.0,18.31,33.54
26,6.54,4.98,0.762,1,18,2.16,170,SJF,59.15,33.62,56.73,96.31
13,4.92,3.57,0.725,2,14,3.17,64,SJF,10.69,6.62,6.69,31.0
20,6.5,4.98,0.766,2,16,1.26,130,SJF,48.3,27.1,50.85,72.05
10,6.7,5.08,0.758,2,14,2.67,67,SJF,18.0,9.3,15.2,27.5
16,7.25,5.83,0.803,1,16,1.73,116,SJF,35.94,21.5,35.56,53.44
27,5.26,4.21,0.801,1,14,2.73,142,SJF,27.3,15.44,33.56,58.44
16,5.81,4.26,0.733,2,15,2.73,93,SJF,31.06,18.88,33.62,50.19
15,6.93,6.37,0.919,1,18,2.36,104,SJF,36.07,18.07,30.27,54.93
14,3.57,3.16,0.883,1,14,1.85,50,SJF,15.64,6.29,19.0,26.93
19,4.95,4.36,0.882,1,16,2.22,94,SJF,30.84,13.21,32.63,52.26
11,5.82,4.17,0.716,2,14,1.1,64,SJF,26.73,13.64,17.55,39.45
14,4.0,2.63,0.658,2,12,4.54,56,SJF,6.29,3.86,6.43,25.43
21,6.38,4.51,0.707,1,17,4.3,134,SJF,31.52,15.95,31.81,65.62
29,4.72,4.37,0.926,1,19,3.96,137,SJF,28.38,14.31,28.14,69.48
13,5.92,4.68,0.79,2,17,2.17,77,SJF,35.62,17.38,26.46,44.54
17,6.18,4.79,0.775,2,17,3.62,105,SJF,19.06,9.94,20.65,37.35
27,6.07,5.76,0.948,1,19,1.54,164,SJF,67.63,29.96,63.11,84.67
5,6.4,5.46,0.853,3,16,1.5,32,SJF,11.6,6.8,8.2,15.8
29,4.62,3.44,0.744,1,15,1.57,134,SJF,41.28,27.1,50.79,84.24
18,4.61,3.42,0.741,2,11,2.24,83,SJF,21.83,12.67,21.39,43.0
22,7.14,6.16,0.863,2,21,1.24,157,SJF,74.91,36.41,71.0,88.36
27,6.07,4.89,0.805,1,16,1.81,164,SJF,50.11,25.74,50.63,76.89
10,6.2,4.69,0.756,2,15,2.33,62,SJF,13.0,8.0,9.3,22.6
28,5.96,5.06,0.848,2,17,2.19,167,SJF,59.64,26.43,49.46,84.14
11,4.27,1.74,0.407,3,9,1.7,47,SJF,11.55,10.09,12.36,32.36
10,4.7,3.43,0.731,2,12,1.22,47,SJF,15.9,8.3,15.7,29.8
19,4.47,3.44,0.768,1,13,1.78,85,SJF,25.37,17.68,30.74,58.05
21,6.1,4.21,0.69,2,15,2.45,128,SJF,29.38,19.76,34.05,61.14
26,5.38,4.27,0.793,2,15,1.2,140,SJF,58.23,31.42,49.85,82.08
12,7.92,5.35,0.676,2,18,1.64,95,SJF,30.08,20.58,29.92,50.17
10,6.6,5.62,0.852,2,16,1.33,66,SJF,32.0,16.5,20.0,37.9
5,3.2,0.84,0.261,2,4,3.0,16,FCFS,1.4,1.4,1.4,8.0
18,8.39,5.89,0.702,1,19,2.12,151,SJF,52.33,33.33,50.61,84.83
21,5.86,4.69,0.801,2,15,2.5,123,SJF,25.48,14.9,26.62,47.48
15,6.13,5.55,0.905,2,18,3.07,92,SJF,23.33,11.47,22.07,31.27
24,5.96,4.96,0.833,2,16,5.43,143,SJF,21.04,12.54,17.92,46.88
27,4.78,4.34,0.907,1,17,3.73,129,SJF,29.11,12.81,25.89,58.7
19,4.37,3.5,0.801,1,15,1.11,83,SJF,29.63,22.16,38.26,56.47
29,4.34,3.53,0.812,1,15,2.07,126,SJF,34.52,19.76,31.62,68.24
9,7.22,5.56,0.77,1,14,2.75,65,SJF,27.56,13.11,18.78,36.33
17,5.41,4.3,0.795,1,16,1.31,92,SJF,32.12,18.53,30.47,48.59
26,5.15,4.31,0.837,2,14,2.68,134,SJF,31.27,15.38,31.15,57.42
28,6.32,5.24,0.828,1,18,1.52,177,SJF,73.75,38.43,55.0,99.89
5,8.4,4.56,0.543,4,14,2.25,42,SJF,12.0,8.0,12.0,18.6
17,5.0,3.32,0.663,2,14,1.31,85,SJF,24.76,17.0,23.65,60.12
25,5.2,3.95,0.759,2,16,4.0,130,SJF,20.6,10.08,12.52,43.96
10,3.7,2.98,0.806,2,12,1.33,37,FCFS,13.3,13.0,14.0,24.5
23,6.26,4.33,0.692,2,14,1.45,144,SJF,60.3,32.35,51.22,90.61
21,5.43,4.11,0.756,1,14,1.2,114,SJF,44.62,23.19,49.0,66.33
5,7.6,5.68,0.748,3,16,4.0,38,SJF,7.0,4.6,11.2,11.6
27,5.44,4.37,0.803,1,18,2.35,147,SJF,39.48,19.22,42.7,60.89
24,5.79,4.58,0.79,1,16,1.09,139,SJF,57.21,31.96,57.0,81.96
24,6.21,5.06,0.816,1,18,1.26,149,SJF,53.58,27.58,48.62,85.96
13,4.77,3.27,0.686,3,13,1.33,62,SJF,26.62,20.54,26.23,49.62
28,5.14,4.31,0.838,1,15,0.85,144,SJF,56.82,30.54,46.36,81.18
9,5.44,4.61,0.847,1,13,5.38,49,SJF,10.0,5.44,13.22,15.44
18,5.06,4.15,0.821,2,18,1.29,91,SJF,28.94,14.83,21.5,41.0
9,3.67,2.35,0.64,2,9,1.62,33,SJF,6.67,4.11,6.0,17.0
16,7.88,5.82,0.739,2,17,0.87,126,SJF,62.38,36.81,56.81,78.81
9,4.78,3.31,0.692,1,12,7.5,43,FCFS,2.33,2.33,2.33,9.11
18,5.33,4.13,0.774,1,14,1.59,96,SJF,27.61,15.89,34.78,44.94
6,7.33,7.12,0.971,2,17,0.8,44,SJF,18.33,7.33,11.67,18.0
26,6.27,4.85,0.773,2,17,1.72,163,SJF,61.12,30.65,58.23,90.38
25,4.88,3.93,0.805,1,14,1.58,122,SJF,45.84,21.08,41.16,75.12
10,4.2,2.9,0.69,2,10,0.89,42,SJF,20.1,14.5,17.5,32.8
8,4.62,4.0,0.864,1,14,1.71,37,FCFS,11.0,10.75,11.5,19.88
8,6.0,4.9,0.816,2,17,5.14,48,SJF,2.12,2.0,2.25,10.88
30,6.2,3.96,0.639,1,14,0.86,186,SJF,84.13,54.0,74.03,138.53
28,5.79,4.69,0.811,2,18,3.33,162,SJF,33.21,16.43,33.64,58.18
16,7.75,5.23,0.675,2,17,3.93,124,SJF,27.56,19.0,41.38,51.19
6,3.17,0.75,0.238,2,4,4.6,19,Priority,2.17,1.83,2.0,7.0
20,6.9,4.64,0.673,2,17,2.89,138,SJF,38.5,22.35,30.75,76.9
25,5.6,4.65,0.83,1,17,1.33,140,SJF,48.88,30.56,49.92,76.6
10,4.6,3.84,0.834,2,13,2.22,46,SJF,13.8,12.9,18.0,23.4
20,6.9,5.52,0.801,2,20,1.74,138,SJF,49.7,26.85,41.15,73.95
26,5.19,4.22,0.813,2,16,3.24,135,SJF,21.04,15.38,21.62,40.65
19,6.0,4.69,0.782,1,16,1.5,114,SJF,40.58,26.74,44.11,63.58
18,6.11,5.43,0.889,2,18,1.53,110,SJF,54.5,28.89,42.94,64.39
6,2.83,0.98,0.347,2,4,1.4,17,SJF,3.33,3.0,4.0,13.5
24,5.54,4.24,0.766,1,13,4.91,133,SJF,9.83,6.71,11.92,32.08
24,5.54,4.72,0.851,1,16,5.61,133,SJF,10.38,6.54,8.67,26.46
13,7.46,5.27,0.706,3,15,1.67,97,SJF,36.46,19.31,30.08,51.23
5,4.4,1.52,0.345,3,7,0.75,22,SJF,6.4,5.6,6.8,16.0
9,3.44,2.55,0.742,2,10,1.75,31,SJF,12.89,6.56,12.67,20.56
25,7.28,5.08,0.698,2,15,1.88,182,SJF,63.12,35.72,50.56,89.48
7,6.43,3.91,0.608,2,12,1.67,45,SJF,15.0,9.86,14.86,32.57
14,7.14,4.93,0.69,2,17,2.92,100,SJF,27.86,18.43,36.21,48.29
29,6.76,4.98,0.737,2,16,2.86,196,SJF,64.86,39.14,78.66,106.14
18,4.67,3.27,0.701,2,13,2.53,84,SJF,19.83,10.67,18.5,45.11
12,4.08,3.6,0.883,1,15,2.18,49,SJF,13.67,12.0,14.0,23.0
6,6.33,5.28,0.834,2,13,2.0,38,SJF,10.67,8.17,16.83,15.83
27,5.74,4.62,0.805,1,17,1.88,155,SJF,59.41,31.15,62.15,88.22
28,4.43,3.65,0.823,1,14,1.33,124,SJF,43.57,24.93,33.82,82.36
9,6.89,5.23,0.759,1,16,2.5,62,SJF,22.56,14.89,22.89,37.89
5,4.6,3.13,0.681,2,10,1.5,23,SJF,6.2,3.4,3.6,12.2
9,3.78,3.6,0.952,1,13,1.75,34,SJF,5.33,3.67,6.33,14.22
30,5.83,5.19,0.889,1,17,2.48,175,SJF,53.9,21.1,53.13,75.67
27,6.04,5.25,0.87,1,17,1.5,163,SJF,62.15,30.11,50.44,94.7
24,5.33,4.08,0.765,2,16,1.52,128,SJF,43.29,21.79,45.04,76.17
28,4.46,3.37,0.755,1,13,1.56,125,SJF,32.21,18.04,33.43,70.89
7,3.71,1.25,0.337,2,6,2.0,26,SJF,3.71,3.43,4.14,13.57
27,6.78,4.93,0.728,1,16,4.15,183,SJF,40.41,21.85,38.85,86.15
20,5.1,4.4,0.863,2,19,2.53,102,SJF,10.45,7.3,12.7,30.95
6,3.5,1.05,0.3,2,5,1.2,21,FCFS,6.0,5.33,6.33,17.0
23,6.83,5.84,0.855,1,18,1.36,157,SJF,44.35,29.17,46.39,75.04
10,6.3,4.76,0.756,1,16,1.56,63,SJF,14.2,9.4,12.6,25.5
6,6.83,6.08,0.89,2,17,3.2,41,FCFS,3.33,3.33,6.17,12.17
10,4.4,4.2,0.953,1,14,1.0,44,SJF,20.1,14.8,20.3,24.5
12,7.58,5.57,0.734,2,17,4.91,91,SJF,22.92,13.42,21.67,40.33
18,8.28,5.92,0.715,2,18,4.71,149,SJF,36.72,20.28,27.44,60.11
14,8.5,5.24,0.617,2,18,1.77,119,SJF,36.71,28.0,40.57,67.71
21,6.67,5.76,0.865,1,16,1.05,140,SJF,54.62,28.57,59.19,77.9
28,5.82,4.99,0.857,1,17,1.7,163,SJF,43.96,27.82,49.71,81.36
17,6.06,3.72,0.613,1,14,1.75,103,SJF,36.65,23.82,29.82,65.29
18,6.56,5.44,0.829,1,16,1.88,118,SJF,51.67,23.39,44.11,74.39
8,3.38,2.13,0.632,2,8,3.57,27,SJF,3.0,2.25,3.0,9.88
13,4.85,3.0,0.618,3,12,1.42,63,SJF,20.15,11.77,15.69,48.62
19,8.26,6.31,0.764,1,17,1.11,157,SJF,65.42,39.21,62.63,95.0
9,5.78,3.87,0.669,2,14,4.5,52,SJF,11.67,7.89,12.11,22.22
19,4.16,3.34,0.803,1,14,1.61,79,SJF,23.68,14.32,22.0,48.58
18,5.83,4.19,0.718,2,15,4.41,105,SJF,26.94,14.83,20.78,55.0
6,4.5,4.28,0.951,1,13,1.2,27,SJF,12.0,4.33,7.67,18.5
24,6.33,5.51,0.869,1,18,2.3,152,SJF,38.5,20.08,44.08,64.46
23,4.65,3.96,0.851,1,16,1.86,107,SJF,29.43,14.48,30.74,58.65
21,7.19,5.42,0.754,2,17,2.85,151,SJF,46.52,27.67,48.62,71.48
28,5.64,4.8,0.851,1,17,1.41,158,SJF,57.07,25.82,49.46,80.79
10,3.6,3.57,0.99,1,13,1.67,36,SJF,12.8,9.8,13.5,18.5
7,5.86,4.91,0.839,1,15,4.17,41,SJF,11.71,8.71,10.0,21.43
9,5.89,4.86,0.825,2,15,9.12,53,FCFS,2.78,2.78,2.89,4.56
29,4.66,3.63,0.779,2,16,0.96,135,SJF,57.69,35.66,56.76,105.45
16,4.75,4.04,0.851,1,13,1.67,76,SJF,26.31,16.25,30.31,46.19
18,4.61,3.29,0.714,1,13,1.12,83,SJF,31.56,16.56,26.89,59.17
30,4.67,3.31,0.71,1,13,2.14,140,SJF,42.07,26.37,34.2,85.33
13,4.23,3.19,0.755,2,13,1.42,55,SJF,11.23,9.38,14.92,30.69
9,5.67,4.0,0.706,2,14,1.38,51,SJF,17.56,12.89,19.56,28.33
16,5.25,4.36,0.83,2,15,1.8,84,SJF,30.12,14.88,33.38,43.88
22,6.5,4.94,0.761,2,17,3.67,143,SJF,33.18,18.32,28.45,57.68
21,6.57,5.34,0.813,1,18,1.7,138,SJF,58.76,30.95,38.0,84.1
28,4.96,4.06,0.818,1,14,1.63,139,SJF,43.64,26.07,36.32,87.14
25,4.36,3.66,0.84,1,14,2.67,109,SJF,25.96,16.28,34.0,57.16
18,5.78,4.76,0.824,2,16,3.65,104,Priority,14.44,8.5,9.28,29.39
26,6.04,4.87,0.807,1,17,1.52,157,SJF,61.81,30.65,61.08,91.08
7,7.57,6.45,0.852,1,16,1.33,53,SJF,18.71,12.86,18.43,25.29
5,8.0,5.52,0.69,3,14,5.25,40,SJF,5.2,4.8,7.4,13.4
14,5.57,4.27,0.767,1,15,1.77,78,SJF,30.64,13.43,30.07,43.64
29,5.72,4.88,0.852,1,16,1.21,166,SJF,72.0,34.66,82.86,96.45
13,6.0,5.03,0.839,1,16,5.5,78,SJF,13.38,7.62,10.77,24.38
9,5.89,4.81,0.816,2,14,1.0,53,SJF,27.0,12.78,18.11,31.56
19,6.26,4.56,0.727,1,15,3.11,119,SJF,26.68,16.63,22.16,50.58
15,2.87,1.13,0.393,1,5,1.86,43,FCFS,8.8,7.13,8.6,36.73
14,5.86,4.94,0.844,2,16,0.77,82,SJF,23.71,18.29,31.43,42.64
14,5.07,3.54,0.698,2,13,2.77,71,SJF,17.64,15.0,19.0,32.79
28,5.5,4.09,0.743,2,15,3.96,154,FCFS,16.64,10.11,19.5,41.96
14,5.93,4.16,0.702,3,14,1.69,83,SJF,31.36,17.0,36.07,47.0
17,5.24,4.63,0.884,1,15,1.12,89,SJF,27.47,16.06,30.29,40.06
24,4.75,4.26,0.896,1,15,1.74,114,SJF,26.5,14.88,28.71,56.79
29,4.97,3.95,0.796,1,14,1.36,144,SJF,46.17,26.83,46.52,86.1
26,4.15,3.31,0.796,1,13,2.72,108,FCFS,20.85,14.88,17.46,54.96
10,3.7,3.33,0.901,2,13,1.22,37,SJF,12.4,6.4,10.7,20.3
18,5.89,4.76,0.809,2,16,2.82,106,SJF,29.94,15.17,32.67,52.28
25,7.48,4.79,0.64,2,16,1.54,187,SJF,75.28,44.6,62.52,107.24
17,4.24,3.46,0.816,1,15,1.69,72,SJF,25.0,16.47,23.65,42.88
9,6.33,5.24,0.828,3,19,4.25,57,SJF,4.78,2.89,4.78,13.11
14,6.64,4.99,0.751,2,14,3.85,93,FCFS,18.36,12.07,23.07,36.14
29,5.38,4.52,0.839,1,17,2.64,156,SJF,38.48,21.52,41.55,71.14
7,6.0,4.58,0.764,2,13,0.67,42,SJF,15.71,15.0,21.14,25.0
12,5.17,5.2,1.007,1,16,2.0,62,SJF,22.75,8.58,21.0,29.5
10,6.3,4.74,0.752,2,14,3.78,63,SJF,21.7,10.9,20.8,36.9
8,4.62,4.69,1.014,2,16,1.14,37,SJF,18.0,16.88,18.88,22.62
26,4.96,4.38,0.882,1,17,2.28,129,SJF,43.58,18.19,32.15,70.35
30,4.83,3.85,0.797,1,13,3.86,145,SJF,24.2,12.83,21.2,60.8
8,4.25,3.73,0.878,2,13,2.71,34,SJF,4.25,1.5,4.25,8.75
15,5.87,4.78,0.815,2,15,2.36,88,SJF,22.27,11.6,13.0,35.53
5,4.2,1.1,0.261,3,6,1.5,21,FCFS,7.2,6.8,7.2,18.4
5,8.2,5.12,0.624,2,14,4.0,41,SJF,12.2,9.8,10.8,23.2
28,5.36,4.29,0.8,1,16,1.48,150,SJF,56.79,36.46,58.93,93.39
27,5.48,5.13,0.936,1,17,1.73,148,SJF,59.78,25.67,64.74,82.89
30,6.4,4.69,0.732,1,15,1.28,192,SJF,69.23,40.93,61.0,115.43
29,6.59,4.92,0.747,1,15,1.04,191,SJF,93.24,48.76,80.66,138.38
15,5.2,3.23,0.622,1,14,2.71,78,SJF,24.4,11.73,17.53,48.73
26,6.0,4.93,0.822,1,14,1.92,156,SJF,45.65,27.92,48.54,76.54
18,5.67,4.51,0.796,1,14,2.29,102,SJF,34.0,15.5,31.72,50.39
5,5.4,4.16,0.77,2,12,0.75,27,SJF,12.4,10.8,13.8,14.0
24,5.96,5.56,0.933,1,18,0.96,143,SJF,53.92,31.33,43.25,75.83
21,5.9,4.92,0.833,1,16,1.4,124,SJF,36.24,21.86,36.1,66.1
13,6.0,4.42,0.736,2,15,2.5,78,SJF,31.31,17.77,28.38,52.15
7,5.14,4.02,0.781,3,14,2.67,36,FCFS,7.43,7.43,9.57,11.86
22,5.86,5.22,0.891,2,18,5.76,129,SJF,13.0,8.36,10.05,23.14
24,6.12,5.14,0.838,1,17,1.48,147,SJF,50.88,23.71,60.0,75.12
15,6.07,5.02,0.828,1,16,4.29,91,SJF,24.33,12.07,25.33,40.53
15,6.67,5.22,0.783,1,17,2.86,100,SJF,30.87,15.6,24.2,52.07
24,6.67,5.1,0.764,1,17,2.26,160,SJF,53.0,26.88,49.83,81.54
14,5.43,4.03,0.743,2,15,5.54,76,SJF,5.07,3.71,5.64,12.93
12,6.0,4.13,0.689,2,13,1.82,72,Priority,21.83,16.67,20.08,42.17
10,7.4,5.06,0.684,2,17,1.33,74,SJF,34.0,18.8,31.3,51.0
6,10.17,4.58,0.45,3,17,0.8,61,SJF,23.67,19.0,22.5,45.5
9,2.89,0.6,0.208,2,4,3.5,26,FCFS,0.89,0.89,0.89,13.56
25,4.6,3.28,0.713,1,14,3.46,115,SJF,14.4,10.28,12.56,55.76
13,5.54,5.27,0.951,1,17,2.08,72,SJF,22.85,9.38,17.77,31.54
5,7.6,5.98,0.787,2,15,1.5,38,FCFS,6.6,6.8,10.6,16.0
21,5.43,3.97,0.731,2,14,1.95,114,SJF,33.86,18.05,32.43,58.1
14,7.0,5.45,0.778,2,16,1.69,98,SJF,29.71,16.93,37.5,44.79
10,5.1,4.58,0.898,2,15,2.44,51,SJF,11.7,6.4,12.3,18.4
22,7.23,4.48,0.62,1,14,3.05,159,SJF,61.18,33.59,41.45,99.27
27,6.44,4.9,0.761,1,17,3.42,174,SJF,38.11,21.07,42.56,78.33
21,4.0,3.51,0.877,1,15,2.75,84,SJF,13.24,5.0,7.81,33.1
24,4.21,3.23,0.768,1,13,2.17,101,SJF,34.25,25.71,33.5,67.08
